,frame.number,real_case_id,CaseIDVoting,real_activity_action
0,96,399.0,{0},Activity Start
1,137,,,NoAction
2,145,,,NoAction
3,209,,,NoAction
4,232,,,NoAction
5,240,,,NoAction
6,306,,,NoAction
7,318,,,NoAction
8,507,,,NoAction
9,518,,,NoAction
10,525,,,NoAction
11,559,,,NoAction
12,601,,,NoAction
13,631,,,NoAction
14,673,,,NoAction
15,693,,,NoAction
16,762,,,NoAction
17,769,,,NoAction
18,771,,,NoAction
19,778,,,NoAction
20,786,,,NoAction
21,1028,,,NoAction
22,1082,,,NoAction
23,1090,,,NoAction
24,1104,,,NoAction
25,1112,,,NoAction
26,1120,,,NoAction
27,1128,,,NoAction
28,1130,,,NoAction
29,1160,,,NoAction
30,1194,,,NoAction
31,1214,,,NoAction
32,1234,,,NoAction
33,1242,,,NoAction
34,1253,,,NoAction
35,1261,,,NoAction
36,1273,,,NoAction
37,1297,,,NoAction
38,1305,,,NoAction
39,1313,,,NoAction
40,1315,,,NoAction
41,1322,399.0,{0},Activity End
42,1367,399.0,{0},Activity Start
43,1399,,,NoAction
44,1407,,,NoAction
45,1453,,,NoAction
46,1462,,,NoAction
47,1470,,,NoAction
48,1545,,,NoAction
49,1551,,,NoAction
50,1554,,,NoAction
51,1588,,,NoAction
52,1649,,,NoAction
53,1658,,,NoAction
54,1666,,,NoAction
55,1716,,,NoAction
56,1751,,,NoAction
57,1776,,,NoAction
58,1784,,,NoAction
59,1867,,,NoAction
60,1876,,,NoAction
61,1887,399.0,{0},Activity End
62,1940,400.0,{1},Activity Start
63,1973,,,NoAction
64,1981,,,NoAction
65,2027,,,NoAction
66,2036,,,NoAction
67,2044,,,NoAction
68,2101,,,NoAction
69,2111,,,NoAction
70,2233,,,NoAction
71,2241,,,NoAction
72,2243,,,NoAction
73,2261,,,NoAction
74,2283,,,NoAction
75,2303,,,NoAction
76,2333,,,NoAction
77,2343,,,NoAction
78,2363,,,NoAction
79,2367,,,NoAction
80,2369,,,NoAction
81,2376,,,NoAction
82,2384,,,NoAction
83,2523,,,NoAction
84,2562,,,NoAction
85,2570,,,NoAction
86,2584,,,NoAction
87,2592,,,NoAction
88,2600,,,NoAction
89,2609,,,NoAction
90,2611,,,NoAction
91,2632,,,NoAction
92,2666,,,NoAction
93,2686,,,NoAction
94,2706,,,NoAction
95,2714,,,NoAction
96,2724,,,NoAction
97,2732,,,NoAction
98,2744,,,NoAction
99,2768,,,NoAction
100,2776,,,NoAction
101,2784,,,NoAction
102,2786,,,NoAction
103,2793,400.0,{1},Activity End
104,2818,399.0,{0},Activity Start
105,2851,,,NoAction
106,2859,,,NoAction
107,2904,,,NoAction
108,2914,,,NoAction
109,2922,,,NoAction
110,3576,,,NoAction
111,3584,,,NoAction
112,4310,,,NoAction
113,4320,,,NoAction
114,4431,,,NoAction
115,4435,,,NoAction
116,4438,,,NoAction
117,4498,,,NoAction
118,4526,,,NoAction
119,4554,,,NoAction
120,4578,,,NoAction
121,4606,,,NoAction
122,4626,,,NoAction
123,4699,,,NoAction
124,4701,,,NoAction
125,4705,,,NoAction
126,4755,,,NoAction
127,4797,,,NoAction
128,5563,400.0,{1},Activity Start
129,5595,,,NoAction
130,5603,,,NoAction
131,5647,,,NoAction
132,5656,,,NoAction
133,5664,,,NoAction
134,5728,,,NoAction
135,5732,,,NoAction
136,5734,,,NoAction
137,5756,,,NoAction
138,5766,,,NoAction
139,5776,,,NoAction
140,5784,,,NoAction
141,5830,,,NoAction
142,5848,,,NoAction
143,5867,,,NoAction
144,5875,,,NoAction
145,5944,,,NoAction
146,5952,,,NoAction
147,5965,400.0,{1},Activity End
148,6178,,,NoAction
149,6192,,,NoAction
150,6194,,,NoAction
151,6217,,,NoAction
152,6232,,,NoAction
153,6244,,,NoAction
154,6246,,,NoAction
155,6256,,,NoAction
156,6260,,,NoAction
157,6278,,,NoAction
158,6289,,,NoAction
159,6297,,,NoAction
160,6345,,,NoAction
161,6383,,,NoAction
162,6393,,,NoAction
163,6401,,,NoAction
164,6409,,,NoAction
165,6417,,,NoAction
166,6466,,,NoAction
167,6508,,,NoAction
168,6526,,,NoAction
169,6558,,,NoAction
170,6593,,,NoAction
171,6629,,,NoAction
172,6669,,,NoAction
173,6691,,,NoAction
174,6698,,,NoAction
175,6706,,,NoAction
176,6731,400.0,{2},Activity Start
177,6806,,,NoAction
178,6814,,,NoAction
179,6855,,,NoAction
180,6861,,,NoAction
181,6865,,,NoAction
182,6933,,,NoAction
183,6957,,,NoAction
184,6960,,,NoAction
185,6968,,,NoAction
186,7001,,,NoAction
187,7033,,,NoAction
188,7067,,,NoAction
189,7151,,,NoAction
190,7180,,,NoAction
191,7231,,,NoAction
192,7237,,,NoAction
193,7252,,,NoAction
194,7294,,,NoAction
195,7411,,,NoAction
196,7869,,,NoAction
197,7878,,,NoAction
198,8467,,,NoAction
199,8477,,,NoAction
200,8557,,,NoAction
201,8561,,,NoAction
202,8563,,,NoAction
203,8616,,,NoAction
204,8644,,,NoAction
205,8672,,,NoAction
206,8696,,,NoAction
207,8724,,,NoAction
208,8742,,,NoAction
209,8768,,,NoAction
210,8770,,,NoAction
211,8774,,,NoAction
212,8790,,,NoAction
213,8828,,,NoAction
214,9008,401.0,{2},Activity Start
215,9042,,,NoAction
216,9050,,,NoAction
217,9095,,,NoAction
218,9104,,,NoAction
219,9112,,,NoAction
220,9278,,,NoAction
221,9302,,,NoAction
222,9436,,,NoAction
223,9444,,,NoAction
224,9446,,,NoAction
225,9464,,,NoAction
226,9486,,,NoAction
227,9506,,,NoAction
228,9536,,,NoAction
229,9546,,,NoAction
230,9566,,,NoAction
231,9570,,,NoAction
232,9572,,,NoAction
233,9579,,,NoAction
234,9587,,,NoAction
235,9727,,,NoAction
236,9765,,,NoAction
237,9773,,,NoAction
238,9787,,,NoAction
239,9795,,,NoAction
240,9803,,,NoAction
241,9811,,,NoAction
242,9813,,,NoAction
243,9833,,,NoAction
244,9867,,,NoAction
245,9887,,,NoAction
246,9907,,,NoAction
247,9915,,,NoAction
248,9926,,,NoAction
249,9936,,,NoAction
250,9948,,,NoAction
251,9972,,,NoAction
252,9980,,,NoAction
253,9988,,,NoAction
254,9990,,,NoAction
255,9997,401.0,{2},Activity End
256,10007,,,NoAction
257,10021,,,NoAction
258,10027,,,NoAction
259,10037,,,NoAction
260,10064,,,NoAction
261,10073,,,NoAction
262,10075,,,NoAction
263,10093,,,NoAction
264,10099,,,NoAction
265,10117,,,NoAction
266,10161,,,NoAction
267,10173,,,NoAction
268,10284,,,NoAction
269,10304,,,NoAction
270,10316,,,NoAction
271,10324,,,NoAction
272,10334,,,NoAction
273,10344,,,NoAction
274,10394,,,NoAction
275,10438,,,NoAction
276,10456,,,NoAction
277,10488,,,NoAction
278,10525,,,NoAction
279,10561,,,NoAction
280,10601,,,NoAction
281,10623,,,NoAction
282,10630,,,NoAction
283,10638,,,NoAction
284,10718,,,NoAction
285,10722,,,NoAction
286,10724,,,NoAction
287,10776,,,NoAction
288,10805,,,NoAction
289,10833,,,NoAction
290,10857,,,NoAction
291,10885,,,NoAction
292,10903,,,NoAction
293,10933,,,NoAction
294,10935,,,NoAction
295,10939,,,NoAction
296,10956,,,NoAction
297,10993,,,NoAction
298,11165,,,NoAction
299,11179,,,NoAction
300,11181,,,NoAction
301,11191,,,NoAction
302,11201,,,NoAction
303,11207,,,NoAction
304,11209,,,NoAction
305,11217,,,NoAction
306,11221,,,NoAction
307,11235,,,NoAction
308,11246,,,NoAction
309,11254,,,NoAction
310,11297,,,NoAction
311,11317,,,NoAction
312,11327,,,NoAction
313,11335,,,NoAction
314,11343,,,NoAction
315,11351,,,NoAction
316,11402,,,NoAction
317,11442,,,NoAction
318,11460,,,NoAction
319,11492,,,NoAction
320,11529,,,NoAction
321,11565,,,NoAction
322,11605,,,NoAction
323,11627,,,NoAction
324,11634,,,NoAction
325,11642,,,NoAction
326,11722,,,NoAction
327,11726,,,NoAction
328,11728,,,NoAction
329,11782,,,NoAction
330,11810,,,NoAction
331,11838,,,NoAction
332,11862,,,NoAction
333,11890,,,NoAction
334,11908,,,NoAction
335,11934,,,NoAction
336,11936,,,NoAction
337,11940,,,NoAction
338,11958,,,NoAction
339,11994,,,NoAction
340,12477,,,NoAction
341,12491,,,NoAction
342,12493,,,NoAction
343,12503,,,NoAction
344,12518,,,NoAction
345,12525,,,NoAction
346,12527,,,NoAction
347,12535,,,NoAction
348,12539,,,NoAction
349,12553,,,NoAction
350,12564,,,NoAction
351,12572,,,NoAction
352,12615,,,NoAction
353,12635,,,NoAction
354,12645,,,NoAction
355,12653,,,NoAction
356,12661,,,NoAction
357,12669,,,NoAction
358,12721,,,NoAction
359,12761,,,NoAction
360,12779,,,NoAction
361,12811,,,NoAction
362,12848,,,NoAction
363,12884,,,NoAction
364,12924,,,NoAction
365,12946,,,NoAction
366,12953,,,NoAction
367,12961,,,NoAction
368,13043,,,NoAction
369,13047,,,NoAction
370,13049,,,NoAction
371,13103,,,NoAction
372,13131,,,NoAction
373,13159,,,NoAction
374,13183,,,NoAction
375,13211,,,NoAction
376,13229,,,NoAction
377,13257,,,NoAction
378,13259,,,NoAction
379,13263,,,NoAction
380,13279,,,NoAction
381,13315,,,NoAction
382,13477,,,NoAction
383,13500,,,NoAction
384,13502,,,NoAction
385,13512,,,NoAction
386,13522,,,NoAction
387,13529,,,NoAction
388,13531,,,NoAction
389,13541,,,NoAction
390,13545,,,NoAction
391,13559,,,NoAction
392,13571,,,NoAction
393,13579,,,NoAction
394,13624,,,NoAction
395,13644,,,NoAction
396,13654,,,NoAction
397,13662,,,NoAction
398,13670,,,NoAction
399,13678,,,NoAction
400,13731,,,NoAction
401,13771,,,NoAction
402,13789,,,NoAction
403,13821,,,NoAction
404,13858,,,NoAction
405,13894,,,NoAction
406,13934,,,NoAction
407,13956,,,NoAction
408,13963,,,NoAction
409,13971,,,NoAction
410,14052,,,NoAction
411,14056,,,NoAction
412,14058,,,NoAction
413,14112,,,NoAction
414,14140,,,NoAction
415,14168,,,NoAction
416,14192,,,NoAction
417,14220,,,NoAction
418,14238,,,NoAction
419,14264,,,NoAction
420,14266,,,NoAction
421,14270,,,NoAction
422,14286,,,NoAction
423,14324,,,NoAction
424,14517,401.0,{2},Activity Start
425,14549,,,NoAction
426,14557,,,NoAction
427,14604,,,NoAction
428,14681,,,NoAction
429,14693,,,NoAction
430,14821,,,NoAction
431,14825,,,NoAction
432,14827,,,NoAction
433,14847,,,NoAction
434,14857,,,NoAction
435,14866,,,NoAction
436,14876,,,NoAction
437,14925,,,NoAction
438,14943,,,NoAction
439,14962,,,NoAction
440,14970,,,NoAction
441,15039,,,NoAction
442,15047,,,NoAction
443,15058,401.0,{2},Activity End
444,15218,,,NoAction
445,15232,,,NoAction
446,15234,,,NoAction
447,15244,,,NoAction
448,15254,,,NoAction
449,15260,,,NoAction
450,15262,,,NoAction
451,15270,,,NoAction
452,15274,,,NoAction
453,15288,,,NoAction
454,15299,,,NoAction
455,15307,,,NoAction
456,15351,,,NoAction
457,15371,,,NoAction
458,15381,,,NoAction
459,15389,,,NoAction
460,15397,,,NoAction
461,15405,,,NoAction
462,15457,,,NoAction
463,15497,,,NoAction
464,15515,,,NoAction
465,15547,,,NoAction
466,15584,,,NoAction
467,15620,,,NoAction
468,15660,,,NoAction
469,15682,,,NoAction
470,15689,,,NoAction
471,15697,,,NoAction
472,15768,,,NoAction
473,15776,,,NoAction
474,15787,,,NoAction
475,15798,,,NoAction
476,15813,,,NoAction
477,15816,,,NoAction
478,15826,,,NoAction
479,15836,,,NoAction
480,15842,,,NoAction
481,15844,,,NoAction
482,15852,,,NoAction
483,15856,,,NoAction
484,15871,399.0,{1},Activity End
485,15882,,,NoAction
486,15890,,,NoAction
487,15935,,,NoAction
488,15956,,,NoAction
489,15966,,,NoAction
490,15974,,,NoAction
491,15982,,,NoAction
492,15990,,,NoAction
493,16042,,,NoAction
494,16082,,,NoAction
495,16101,,,NoAction
496,16133,,,NoAction
497,16170,,,NoAction
498,16206,,,NoAction
499,16246,,,NoAction
500,16268,,,NoAction
501,16275,,,NoAction
502,16283,,,NoAction
503,16349,,,NoAction
504,16357,,,NoAction
505,16368,,,NoAction
506,16404,402.0,{3},Activity Start
507,16437,,,NoAction
508,16445,,,NoAction
509,16491,,,NoAction
510,16500,,,NoAction
511,16508,,,NoAction
512,16567,,,NoAction
513,16577,,,NoAction
514,16704,,,NoAction
515,16712,,,NoAction
516,16714,,,NoAction
517,16732,,,NoAction
518,16754,,,NoAction
519,16775,,,NoAction
520,16805,,,NoAction
521,16815,,,NoAction
522,16835,,,NoAction
523,16839,,,NoAction
524,16841,,,NoAction
525,16848,,,NoAction
526,16856,,,NoAction
527,17001,,,NoAction
528,17039,,,NoAction
529,17047,,,NoAction
530,17061,,,NoAction
531,17070,,,NoAction
532,17078,,,NoAction
533,17086,,,NoAction
534,17088,,,NoAction
535,17108,,,NoAction
536,17142,,,NoAction
537,17162,,,NoAction
538,17182,,,NoAction
539,17190,,,NoAction
540,17200,,,NoAction
541,17208,,,NoAction
542,17220,,,NoAction
543,17244,,,NoAction
544,17252,,,NoAction
545,17260,,,NoAction
546,17262,,,NoAction
547,17269,402.0,{3},Activity End
548,17321,401.0,{5},Activity Start
549,17354,,,NoAction
550,17362,,,NoAction
551,17416,,,NoAction
552,17425,,,NoAction
553,17433,,,NoAction
554,17905,,,NoAction
555,17913,,,NoAction
556,18506,,,NoAction
557,18516,,,NoAction
558,18597,,,NoAction
559,18601,,,NoAction
560,18603,,,NoAction
561,18659,,,NoAction
562,18687,,,NoAction
563,18715,,,NoAction
564,18739,,,NoAction
565,18767,,,NoAction
566,18785,,,NoAction
567,18811,,,NoAction
568,18813,,,NoAction
569,18817,,,NoAction
570,18833,,,NoAction
571,18871,,,NoAction
572,19226,,,NoAction
573,19240,,,NoAction
574,19242,,,NoAction
575,19252,,,NoAction
576,19262,,,NoAction
577,19268,,,NoAction
578,19270,,,NoAction
579,19278,,,NoAction
580,19282,,,NoAction
581,19296,400.0,{2},Activity End
582,19307,,,NoAction
583,19315,,,NoAction
584,19359,,,NoAction
585,19379,,,NoAction
586,19389,,,NoAction
587,19397,,,NoAction
588,19405,,,NoAction
589,19413,,,NoAction
590,19465,,,NoAction
591,19505,,,NoAction
592,19523,,,NoAction
593,19555,,,NoAction
594,19597,,,NoAction
595,19623,402.0,{3},Activity Start
596,19649,,,NoAction
597,19691,,,NoAction
598,19719,,,NoAction
599,19734,,,NoAction
600,19749,,,NoAction
601,19754,,,NoAction
602,19765,,,NoAction
603,19789,400.0,{1},Activity Start
604,19930,,,NoAction
605,19938,,,NoAction
606,19946,,,NoAction
607,19973,,,NoAction
608,19977,,,NoAction
609,19980,,,NoAction
610,20042,,,NoAction
611,20045,,,NoAction
612,20054,,,NoAction
613,20088,,,NoAction
614,20117,,,NoAction
615,20143,,,NoAction
616,20219,,,NoAction
617,20246,,,NoAction
618,20277,,,NoAction
619,20281,,,NoAction
620,20291,,,NoAction
621,20293,,,NoAction
622,20308,,,NoAction
623,20312,,,NoAction
624,20341,,,NoAction
625,20343,,,NoAction
626,20348,,,NoAction
627,20381,,,NoAction
628,20456,,,NoAction
629,20469,,,NoAction
630,20484,,,NoAction
631,20485,,,NoAction
632,20497,400.0,{1},Activity End
633,20510,,,NoAction
634,20536,,,NoAction
635,20547,,,NoAction
636,20661,,,NoAction
637,20703,,,NoAction
638,20745,,,NoAction
639,20758,,,NoAction
640,20854,,,NoAction
641,20862,,,NoAction
642,20873,402.0,{3},Activity End
643,21039,,,NoAction
644,21053,,,NoAction
645,21055,,,NoAction
646,21065,,,NoAction
647,21075,,,NoAction
648,21081,,,NoAction
649,21083,,,NoAction
650,21091,,,NoAction
651,21095,,,NoAction
652,21109,,,NoAction
653,21120,,,NoAction
654,21128,,,NoAction
655,21171,,,NoAction
656,21191,,,NoAction
657,21201,,,NoAction
658,21209,,,NoAction
659,21217,,,NoAction
660,21225,,,NoAction
661,21275,,,NoAction
662,21317,,,NoAction
663,21335,,,NoAction
664,21367,,,NoAction
665,21404,,,NoAction
666,21440,,,NoAction
667,21480,,,NoAction
668,21503,,,NoAction
669,21510,,,NoAction
670,21518,,,NoAction
671,21588,,,NoAction
672,21596,,,NoAction
673,21609,,,NoAction
674,21633,403.0,{4},Activity Start
675,21669,,,NoAction
676,21677,,,NoAction
677,21722,,,NoAction
678,21731,,,NoAction
679,21739,,,NoAction
680,21805,,,NoAction
681,21815,,,NoAction
682,21934,,,NoAction
683,21944,,,NoAction
684,21946,,,NoAction
685,21964,,,NoAction
686,21986,,,NoAction
687,22006,,,NoAction
688,22036,,,NoAction
689,22046,,,NoAction
690,22066,,,NoAction
691,22070,,,NoAction
692,22072,,,NoAction
693,22079,,,NoAction
694,22087,,,NoAction
695,22226,,,NoAction
696,22264,,,NoAction
697,22272,,,NoAction
698,22286,,,NoAction
699,22294,,,NoAction
700,22302,,,NoAction
701,22310,,,NoAction
702,22312,,,NoAction
703,22332,,,NoAction
704,22366,,,NoAction
705,22386,,,NoAction
706,22406,,,NoAction
707,22414,,,NoAction
708,22424,,,NoAction
709,22432,,,NoAction
710,22444,,,NoAction
711,22468,,,NoAction
712,22476,,,NoAction
713,22484,,,NoAction
714,22486,,,NoAction
715,22493,403.0,{4},Activity End
716,22520,400.0,{3},Activity Start
717,22552,,,NoAction
718,22561,,,NoAction
719,22622,402.0,{3},Activity Start
720,22635,,,NoAction
721,22647,,,NoAction
722,22655,,,NoAction
723,22693,,,NoAction
724,22710,,,NoAction
725,22852,,,NoAction
726,22868,,,NoAction
727,22876,,,NoAction
728,22906,,,NoAction
729,22923,,,NoAction
730,23025,,,NoAction
731,23144,,,NoAction
732,23248,,,NoAction
733,23347,,,NoAction
734,23680,,,NoAction
735,23688,,,NoAction
736,24403,,,NoAction
737,24413,,,NoAction
738,24493,,,NoAction
739,24497,,,NoAction
740,24499,,,NoAction
741,24551,,,NoAction
742,24580,,,NoAction
743,24608,,,NoAction
744,24632,,,NoAction
745,24660,,,NoAction
746,24678,,,NoAction
747,24704,,,NoAction
748,24706,,,NoAction
749,24710,,,NoAction
750,24728,,,NoAction
751,24764,,,NoAction
752,25111,403.0,{5},Activity Start
753,25225,,,NoAction
754,25242,,,NoAction
755,25298,399.0,{0},Activity Start
756,25325,,,NoAction
757,25367,,,NoAction
758,25380,,,NoAction
759,25423,,,NoAction
760,25432,,,NoAction
761,25441,,,NoAction
762,25458,,,NoAction
763,25471,,,NoAction
764,25473,,,NoAction
765,25496,,,NoAction
766,25503,,,NoAction
767,25507,,,NoAction
768,25530,,,NoAction
769,25548,,,NoAction
770,25583,401.0,{2},Activity End
771,25589,,,NoAction
772,25625,,,NoAction
773,25638,,,NoAction
774,25654,,,NoAction
775,25663,,,NoAction
776,25666,,,NoAction
777,25667,,,NoAction
778,25705,,,NoAction
779,25733,,,NoAction
780,25735,,,NoAction
781,25776,,,NoAction
782,25820,,,NoAction
783,25829,,,NoAction
784,25836,,,NoAction
785,25854,,,NoAction
786,25857,,,NoAction
787,25879,,,NoAction
788,25893,,,NoAction
789,25914,,,NoAction
790,25924,,,NoAction
791,25941,,,NoAction
792,25942,399.0,{0},Activity End
793,25986,,,NoAction
794,26040,,,NoAction
795,26079,,,NoAction
796,26081,,,NoAction
797,26103,,,NoAction
798,26105,,,NoAction
799,26187,,,NoAction
800,26229,,,NoAction
801,26244,,,NoAction
802,26269,403.0,{4},Activity End
803,26277,,,NoAction
804,26358,,,NoAction
805,26366,,,NoAction
806,26386,,,NoAction
807,26406,,,NoAction
808,26422,,,NoAction
809,26434,,,NoAction
810,26442,,,NoAction
811,26454,,,NoAction
812,26470,,,NoAction
813,26482,,,NoAction
814,26530,,,NoAction
815,26577,,,NoAction
816,26601,,,NoAction
817,26610,,,NoAction
818,26715,,,NoAction
819,26759,,,NoAction
820,26767,,,NoAction
821,26769,,,NoAction
822,26771,,,NoAction
823,26781,,,NoAction
824,26809,,,NoAction
825,26815,,,NoAction
826,26821,,,NoAction
827,26845,,,NoAction
828,26864,,,NoAction
829,26876,,,NoAction
830,26888,,,NoAction
831,26892,,,NoAction
832,26909,,,NoAction
833,26911,,,NoAction
834,26915,,,NoAction
835,26941,,,NoAction
836,26946,,,NoAction
837,26956,,,NoAction
838,26971,,,NoAction
839,26982,,,NoAction
840,26992,,,NoAction
841,27034,,,NoAction
842,27084,,,NoAction
843,27121,,,NoAction
844,27139,,,NoAction
845,27157,,,NoAction
846,27172,,,NoAction
847,27191,,,NoAction
848,27267,,,NoAction
849,27291,,,NoAction
850,27319,,,NoAction
851,27377,,,NoAction
852,27413,,,NoAction
853,27420,,,NoAction
854,27445,,,NoAction
855,27491,,,NoAction
856,27506,,,NoAction
857,27512,,,NoAction
858,27535,,,NoAction
859,27548,,,NoAction
860,27612,,,NoAction
861,27630,,,NoAction
862,27645,,,NoAction
863,27676,,,NoAction
864,27699,,,NoAction
865,27704,,,NoAction
866,27712,,,NoAction
867,27734,,,NoAction
868,27742,,,NoAction
869,27840,,,NoAction
870,27881,,,NoAction
871,27885,,,NoAction
872,27887,,,NoAction
873,27899,,,NoAction
874,27915,,,NoAction
875,27960,,,NoAction
876,27988,,,NoAction
877,28026,,,NoAction
878,28083,,,NoAction
879,28112,,,NoAction
880,28130,,,NoAction
881,28158,,,NoAction
882,28169,,,NoAction
883,28178,,,NoAction
884,28202,,,NoAction
885,28221,,,NoAction
886,28235,,,NoAction
887,28250,,,NoAction
888,28274,,,NoAction
889,28309,,,NoAction
890,28323,,,NoAction
891,28399,,,NoAction
892,28491,,,NoAction
893,28515,,,NoAction
894,28523,,,NoAction
895,28554,,,NoAction
896,28623,401.0,{2},Activity Start
897,28656,,,NoAction
898,28664,,,NoAction
899,28713,,,NoAction
900,28778,,,NoAction
901,28802,,,NoAction
902,28939,,,NoAction
903,28947,,,NoAction
904,28958,401.0,{2},Activity End
905,28971,,,NoAction
906,28985,,,NoAction
907,28987,,,NoAction
908,28997,,,NoAction
909,29007,,,NoAction
910,29013,,,NoAction
911,29015,,,NoAction
912,29024,,,NoAction
913,29028,,,NoAction
914,29042,400.0,{2},Activity End
915,29053,,,NoAction
916,29061,,,NoAction
917,29104,,,NoAction
918,29126,,,NoAction
919,29136,,,NoAction
920,29144,,,NoAction
921,29152,,,NoAction
922,29160,,,NoAction
923,29211,,,NoAction
924,29251,,,NoAction
925,29269,,,NoAction
926,29301,,,NoAction
927,29338,,,NoAction
928,29374,,,NoAction
929,29414,,,NoAction
930,29436,,,NoAction
931,29443,,,NoAction
932,29451,,,NoAction
933,29532,,,NoAction
934,29536,,,NoAction
935,29538,,,NoAction
936,29588,,,NoAction
937,29618,,,NoAction
938,29646,,,NoAction
939,29670,,,NoAction
940,29698,,,NoAction
941,29716,,,NoAction
942,29744,,,NoAction
943,29746,,,NoAction
944,29750,,,NoAction
945,29766,,,NoAction
946,29802,,,NoAction
947,29990,403.0,{5},Activity Start
948,30023,,,NoAction
949,30031,,,NoAction
950,30082,404.0,{5},Activity Start
951,30114,,,NoAction
952,30124,,,NoAction
953,30132,,,NoAction
954,30151,,,NoAction
955,30159,,,NoAction
956,30242,,,NoAction
957,30251,,,NoAction
958,30259,,,NoAction
959,30402,,,NoAction
960,30417,,,NoAction
961,30689,,,NoAction
962,30705,,,NoAction
963,30714,,,NoAction
964,30754,,,NoAction
965,30792,,,NoAction
966,30829,,,NoAction
967,30869,,,NoAction
968,30888,,,NoAction
969,30928,,,NoAction
970,30937,,,NoAction
971,30941,,,NoAction
972,30958,,,NoAction
973,30967,,,NoAction
974,31146,,,NoAction
975,31184,,,NoAction
976,31373,,,NoAction
977,31446,,,NoAction
978,31461,,,NoAction
979,31483,,,NoAction
980,31499,,,NoAction
981,31512,,,NoAction
982,31528,,,NoAction
983,31535,,,NoAction
984,31565,,,NoAction
985,31616,,,NoAction
986,31654,,,NoAction
987,31697,,,NoAction
988,31713,,,NoAction
989,31740,,,NoAction
990,31757,,,NoAction
991,31786,,,NoAction
992,31824,,,NoAction
993,31836,,,NoAction
994,31851,,,NoAction
995,31857,,,NoAction
996,31871,404.0,{5},Activity End
997,32055,401.0,{3},Activity Start
998,32233,,,NoAction
999,32245,,,NoAction
1000,32253,,,NoAction
1001,32266,,,NoAction
1002,32357,,,NoAction
1003,32386,,,NoAction
1004,32399,,,NoAction
1005,32409,399.0,{3},Activity Start
1006,32428,,,NoAction
1007,32432,,,NoAction
1008,32434,,,NoAction
1009,32486,,,NoAction
1010,32504,,,NoAction
1011,32539,,,NoAction
1012,32556,,,NoAction
1013,32560,,,NoAction
1014,32604,,,NoAction
1015,32617,,,NoAction
1016,32673,,,NoAction
1017,32684,,,NoAction
1018,32703,,,NoAction
1019,32711,,,NoAction
1020,32733,,,NoAction
1021,32741,,,NoAction
1022,32768,,,NoAction
1023,32778,,,NoAction
1024,32818,,,NoAction
1025,32854,,,NoAction
1026,32896,,,NoAction
1027,32920,,,NoAction
1028,32929,,,NoAction
1029,32973,,,NoAction
1030,32978,,,NoAction
1031,32991,,,NoAction
1032,33005,,,NoAction
1033,33014,,,NoAction
1034,33019,,,NoAction
1035,33026,,,NoAction
1036,33046,,,NoAction
1037,33078,,,NoAction
1038,33174,,,NoAction
1039,33185,,,NoAction
1040,33203,,,NoAction
1041,33233,,,NoAction
1042,33258,,,NoAction
1043,33306,,,NoAction
1044,33347,,,NoAction
1045,33359,,,NoAction
1046,33386,,,NoAction
1047,33412,,,NoAction
1048,33471,,,NoAction
1049,33626,,,NoAction
1050,33629,,,NoAction
1051,33690,,,NoAction
1052,33783,,,NoAction
1053,33849,,,NoAction
1054,33933,,,NoAction
1055,33974,,,NoAction
1056,34007,,,NoAction
1057,34067,,,NoAction
1058,34126,,,NoAction
1059,34144,,,NoAction
1060,34185,,,NoAction
1061,34228,,,NoAction
1062,34263,,,NoAction
1063,34277,,,NoAction
1064,34286,,,NoAction
1065,34471,,,NoAction
1066,34485,,,NoAction
1067,34507,,,NoAction
1068,34532,400.0,{2},Activity Start
1069,34565,,,NoAction
1070,34573,,,NoAction
1071,34620,,,NoAction
1072,34629,,,NoAction
1073,34638,,,NoAction
1074,34707,,,NoAction
1075,34715,,,NoAction
1076,34800,,,NoAction
1077,34808,,,NoAction
1078,34875,,,NoAction
1079,34883,,,NoAction
1080,34944,,,NoAction
1081,34953,,,NoAction
1082,34961,,,NoAction
1083,35120,,,NoAction
1084,35171,,,NoAction
1085,35189,,,NoAction
1086,35193,,,NoAction
1087,35231,,,NoAction
1088,35261,,,NoAction
1089,35333,,,NoAction
1090,35354,,,NoAction
1091,35368,,,NoAction
1092,35419,,,NoAction
1093,35445,,,NoAction
1094,35471,,,NoAction
1095,35495,,,NoAction
1096,35506,400.0,{2},Activity End
1097,36079,404.0,{5},Activity Start
1098,36112,,,NoAction
1099,36120,,,NoAction
1100,36168,,,NoAction
1101,36176,,,NoAction
1102,36177,,,NoAction
1103,36185,,,NoAction
1104,36187,,,NoAction
1105,36199,,,NoAction
1106,36226,,,NoAction
1107,36227,,,NoAction
1108,36231,,,NoAction
1109,36233,,,NoAction
1110,36246,,,NoAction
1111,36257,,,NoAction
1112,36264,,,NoAction
1113,36265,,,NoAction
1114,36274,,,NoAction
1115,36352,,,NoAction
1116,36363,,,NoAction
1117,36366,,,NoAction
1118,36367,,,NoAction
1119,36377,,,NoAction
1120,36379,,,NoAction
1121,36382,,,NoAction
1122,36383,,,NoAction
1123,36387,,,NoAction
1124,36397,,,NoAction
1125,36402,,,NoAction
1126,36408,,,NoAction
1127,36409,,,NoAction
1128,36419,,,NoAction
1129,36426,,,NoAction
1130,36437,,,NoAction
1131,36439,,,NoAction
1132,36452,,,NoAction
1133,36475,402.0,{2},Activity End
1134,36484,,,NoAction
1135,36501,,,NoAction
1136,36509,,,NoAction
1137,36520,,,NoAction
1138,36532,,,NoAction
1139,36535,,,NoAction
1140,36553,,,NoAction
1141,36572,,,NoAction
1142,36577,,,NoAction
1143,36601,,,NoAction
1144,36609,,,NoAction
1145,36610,,,NoAction
1146,36651,,,NoAction
1147,36674,,,NoAction
1148,36681,,,NoAction
1149,36687,,,NoAction
1150,36710,,,NoAction
1151,36718,,,NoAction
1152,36736,,,NoAction
1153,36754,,,NoAction
1154,36762,,,NoAction
1155,36770,,,NoAction
1156,36792,,,NoAction
1157,36802,,,NoAction
1158,36820,,,NoAction
1159,36825,,,NoAction
1160,36854,,,NoAction
1161,36880,,,NoAction
1162,36887,,,NoAction
1163,36891,,,NoAction
1164,36892,,,NoAction
1165,36938,,,NoAction
1166,36994,,,NoAction
1167,37000,,,NoAction
1168,37014,,,NoAction
1169,37028,,,NoAction
1170,37034,,,NoAction
1171,37053,,,NoAction
1172,37055,,,NoAction
1173,37058,,,NoAction
1174,37060,,,NoAction
1175,37077,,,NoAction
1176,37104,,,NoAction
1177,37139,,,NoAction
1178,37263,,,NoAction
1179,37307,,,NoAction
1180,37355,,,NoAction
1181,37361,,,NoAction
1182,37388,,,NoAction
1183,37466,,,NoAction
1184,37468,,,NoAction
1185,37470,,,NoAction
1186,37510,,,NoAction
1187,37522,,,NoAction
1188,37545,,,NoAction
1189,37578,,,NoAction
1190,37584,,,NoAction
1191,37616,,,NoAction
1192,37617,,,NoAction
1193,37639,,,NoAction
1194,37641,,,NoAction
1195,37650,404.0,{5},Activity End
1196,37673,,,NoAction
1197,37688,,,NoAction
1198,37733,,,NoAction
1199,37743,,,NoAction
1200,37747,,,NoAction
1201,37776,,,NoAction
1202,37800,,,NoAction
1203,37835,,,NoAction
1204,37844,,,NoAction
1205,37857,,,NoAction
1206,37886,,,NoAction
1207,37908,,,NoAction
1208,37917,,,NoAction
1209,37945,,,NoAction
1210,38017,,,NoAction
1211,38025,,,NoAction
1212,38078,,,NoAction
1213,38081,,,NoAction
1214,38104,,,NoAction
1215,38105,,,NoAction
1216,38132,,,NoAction
1217,38142,,,NoAction
1218,38192,,,NoAction
1219,38232,,,NoAction
1220,38254,,,NoAction
1221,38319,,,NoAction
1222,38417,,,NoAction
1223,38429,,,NoAction
1224,38433,,,NoAction
1225,38453,,,NoAction
1226,38471,,,NoAction
1227,38481,,,NoAction
1228,38489,,,NoAction
1229,38576,,,NoAction
1230,38579,,,NoAction
1231,38602,,,NoAction
1232,38650,,,NoAction
1233,38669,,,NoAction
1234,38731,,,NoAction
1235,38732,,,NoAction
1236,38747,,,NoAction
1237,38751,,,NoAction
1238,38757,,,NoAction
1239,38765,,,NoAction
1240,38768,,,NoAction
1241,38795,,,NoAction
1242,38812,,,NoAction
1243,38828,,,NoAction
1244,38883,,,NoAction
1245,38899,,,NoAction
1246,38908,,,NoAction
1247,38929,,,NoAction
1248,38991,,,NoAction
1249,38997,,,NoAction
1250,39008,,,NoAction
1251,39009,,,NoAction
1252,39023,,,NoAction
1253,39041,,,NoAction
1254,39045,,,NoAction
1255,39051,,,NoAction
1256,39109,,,NoAction
1257,39147,,,NoAction
1258,39207,,,NoAction
1259,39272,,,NoAction
1260,39430,,,NoAction
1261,39480,,,NoAction
1262,39566,,,NoAction
1263,39571,,,NoAction
1264,39584,,,NoAction
1265,39634,,,NoAction
1266,39684,,,NoAction
1267,39721,,,NoAction
1268,39743,,,NoAction
1269,39766,,,NoAction
1270,39792,,,NoAction
1271,39795,,,NoAction
1272,39804,,,NoAction
1273,39839,,,NoAction
1274,39841,,,NoAction
1275,39848,,,NoAction
1276,39854,,,NoAction
1277,39913,,,NoAction
1278,39966,,,NoAction
1279,39975,,,NoAction
1280,39986,,,NoAction
1281,39996,,,NoAction
1282,39998,,,NoAction
1283,40006,,,NoAction
1284,40120,,,NoAction
1285,40133,,,NoAction
1286,40142,,,NoAction
1287,40175,,,NoAction
1288,40195,,,NoAction
1289,40207,,,NoAction
1290,40225,,,NoAction
1291,40293,,,NoAction
1292,40325,,,NoAction
1293,40380,,,NoAction
1294,40413,,,NoAction
1295,40426,,,NoAction
1296,40431,,,NoAction
1297,40447,,,NoAction
1298,40451,,,NoAction
1299,40452,,,NoAction
1300,40475,,,NoAction
1301,40500,,,NoAction
1302,40534,,,NoAction
1303,40583,,,NoAction
1304,40593,,,NoAction
1305,40595,,,NoAction
1306,40609,,,NoAction
1307,40798,,,NoAction
1308,40812,,,NoAction
1309,40814,,,NoAction
1310,40824,,,NoAction
1311,40835,,,NoAction
1312,40841,,,NoAction
1313,40843,,,NoAction
1314,40851,,,NoAction
1315,40855,,,NoAction
1316,40869,401.0,{4},Activity End
1317,40880,,,NoAction
1318,40888,,,NoAction
1319,40933,,,NoAction
1320,40953,,,NoAction
1321,40963,,,NoAction
1322,40971,,,NoAction
1323,40979,,,NoAction
1324,40990,,,NoAction
1325,41039,,,NoAction
1326,41095,,,NoAction
1327,41113,,,NoAction
1328,41145,,,NoAction
1329,41182,,,NoAction
1330,41218,,,NoAction
1331,41260,,,NoAction
1332,41282,,,NoAction
1333,41289,,,NoAction
1334,41297,,,NoAction
1335,41369,,,NoAction
1336,41377,,,NoAction
1337,41388,,,NoAction
1338,41410,400.0,{6},Activity Start
1339,41443,,,NoAction
1340,41451,,,NoAction
1341,41505,405.0,{6},Activity Start
1342,41508,,,NoAction
1343,41530,,,NoAction
1344,41538,,,NoAction
1345,41579,,,NoAction
1346,41594,,,NoAction
1347,41696,,,NoAction
1348,41720,,,NoAction
1349,41728,,,NoAction
1350,41787,,,NoAction
1351,41797,,,NoAction
1352,41978,,,NoAction
1353,41991,,,NoAction
1354,42043,,,NoAction
1355,42061,,,NoAction
1356,42063,,,NoAction
1357,42109,,,NoAction
1358,42133,,,NoAction
1359,42159,,,NoAction
1360,42205,,,NoAction
1361,42215,,,NoAction
1362,42236,,,NoAction
1363,42241,,,NoAction
1364,42243,,,NoAction
1365,42261,,,NoAction
1366,42271,,,NoAction
1367,42463,,,NoAction
1368,42502,,,NoAction
1369,42510,,,NoAction
1370,42524,,,NoAction
1371,42532,,,NoAction
1372,42547,,,NoAction
1373,42567,,,NoAction
1374,42569,,,NoAction
1375,42597,,,NoAction
1376,42652,,,NoAction
1377,42656,,,NoAction
1378,42668,,,NoAction
1379,42689,,,NoAction
1380,42709,,,NoAction
1381,42717,,,NoAction
1382,42728,,,NoAction
1383,42737,,,NoAction
1384,42752,,,NoAction
1385,42799,,,NoAction
1386,42824,,,NoAction
1387,42851,,,NoAction
1388,42858,,,NoAction
1389,42871,405.0,{6},Activity End
1390,42994,,,NoAction
1391,43016,,,NoAction
1392,43018,,,NoAction
1393,43062,,,NoAction
1394,43078,,,NoAction
1395,43086,,,NoAction
1396,43118,,,NoAction
1397,43126,,,NoAction
1398,43140,,,NoAction
1399,43259,,,NoAction
1400,43274,,,NoAction
1401,43276,,,NoAction
1402,43278,,,NoAction
1403,43293,,,NoAction
1404,43301,,,NoAction
1405,43350,,,NoAction
1406,43428,,,NoAction
1407,43488,,,NoAction
1408,43496,,,NoAction
1409,43510,,,NoAction
1410,43522,,,NoAction
1411,43572,,,NoAction
1412,43580,,,NoAction
1413,43638,,,NoAction
1414,43652,,,NoAction
1415,43688,,,NoAction
1416,43695,,,NoAction
1417,43703,,,NoAction
1418,43887,,,NoAction
1419,43893,401.0,{0},Activity Start
1420,43972,,,NoAction
1421,43981,,,NoAction
1422,44069,,,NoAction
1423,44085,,,NoAction
1424,44097,,,NoAction
1425,44107,,,NoAction
1426,44172,,,NoAction
1427,44184,,,NoAction
1428,44275,,,NoAction
1429,44317,,,NoAction
1430,44363,,,NoAction
1431,44371,,,NoAction
1432,44444,,,NoAction
1433,44452,,,NoAction
1434,44542,,,NoAction
1435,44577,,,NoAction
1436,44599,,,NoAction
1437,44612,,,NoAction
1438,44615,,,NoAction
1439,44636,,,NoAction
1440,44644,,,NoAction
1441,44682,,,NoAction
1442,44707,,,NoAction
1443,44724,,,NoAction
1444,44743,,,NoAction
1445,44771,,,NoAction
1446,44792,,,NoAction
1447,44813,,,NoAction
1448,44829,,,NoAction
1449,44843,,,NoAction
1450,44871,,,NoAction
1451,44929,,,NoAction
1452,44949,,,NoAction
1453,44975,,,NoAction
1454,44991,,,NoAction
1455,45029,,,NoAction
1456,45080,,,NoAction
1457,45096,,,NoAction
1458,45100,,,NoAction
1459,45141,,,NoAction
1460,45155,,,NoAction
1461,45165,,,NoAction
1462,45179,,,NoAction
1463,45226,,,NoAction
1464,45229,,,NoAction
1465,45269,,,NoAction
1466,45301,,,NoAction
1467,45391,404.0,{5},Activity Start
1468,45396,,,NoAction
1469,45435,,,NoAction
1470,45447,,,NoAction
1471,45468,,,NoAction
1472,45474,,,NoAction
1473,45493,,,NoAction
1474,45533,,,NoAction
1475,45557,,,NoAction
1476,45568,,,NoAction
1477,45586,,,NoAction
1478,45619,,,NoAction
1479,45670,,,NoAction
1480,45674,,,NoAction
1481,45682,,,NoAction
1482,45755,,,NoAction
1483,45804,,,NoAction
1484,45813,,,NoAction
1485,45829,,,NoAction
1486,45830,,,NoAction
1487,45841,401.0,{5},Activity End
1488,45854,,,NoAction
1489,45861,,,NoAction
1490,45866,,,NoAction
1491,45892,,,NoAction
1492,45950,,,NoAction
1493,46048,,,NoAction
1494,46075,,,NoAction
1495,46112,,,NoAction
1496,46200,,,NoAction
1497,46209,,,NoAction
1498,46340,,,NoAction
1499,46356,,,NoAction
1500,46403,,,NoAction
1501,46499,,,NoAction
1502,46539,400.0,{0},Activity End
1503,46698,,,NoAction
1504,46706,,,NoAction
1505,47010,402.0,{3},Activity Start
1506,47089,,,NoAction
1507,47097,,,NoAction
1508,47383,,,NoAction
1509,47406,,,NoAction
1510,47441,,,NoAction
1511,47476,,,NoAction
1512,47486,,,NoAction
1513,47519,,,NoAction
1514,47523,,,NoAction
1515,47525,,,NoAction
1516,47622,,,NoAction
1517,47650,,,NoAction
1518,47678,,,NoAction
1519,47716,,,NoAction
1520,47724,,,NoAction
1521,47741,,,NoAction
1522,47758,,,NoAction
1523,47786,,,NoAction
1524,47794,,,NoAction
1525,47796,,,NoAction
1526,47826,,,NoAction
1527,47828,,,NoAction
1528,47832,,,NoAction
1529,47859,,,NoAction
1530,47931,,,NoAction
1531,47995,,,NoAction
1532,48009,,,NoAction
1533,48132,,,NoAction
1534,48141,,,NoAction
1535,48220,,,NoAction
1536,48242,,,NoAction
1537,48252,,,NoAction
1538,48263,,,NoAction
1539,48295,,,NoAction
1540,48313,405.0,{3},Activity Start
1541,48319,,,NoAction
1542,48375,,,NoAction
1543,48382,,,NoAction
1544,48387,,,NoAction
1545,48406,,,NoAction
1546,48414,,,NoAction
1547,48456,,,NoAction
1548,48466,,,NoAction
1549,48533,,,NoAction
1550,48555,,,NoAction
1551,48596,,,NoAction
1552,48612,,,NoAction
1553,48652,,,NoAction
1554,48663,,,NoAction
1555,48709,,,NoAction
1556,48714,,,NoAction
1557,48717,,,NoAction
1558,48735,,,NoAction
1559,48745,,,NoAction
1560,48758,,,NoAction
1561,48770,,,NoAction
1562,48796,,,NoAction
1563,48804,,,NoAction
1564,48884,,,NoAction
1565,48902,,,NoAction
1566,48923,,,NoAction
1567,48931,,,NoAction
1568,48980,,,NoAction
1569,49000,,,NoAction
1570,49062,,,NoAction
1571,49078,,,NoAction
1572,49105,,,NoAction
1573,49118,,,NoAction
1574,49120,,,NoAction
1575,49131,,,NoAction
1576,49156,405.0,{3},Activity End
1577,49236,,,NoAction
1578,49252,,,NoAction
1579,49282,,,NoAction
1580,49292,,,NoAction
1581,49303,402.0,{3},Activity End
1582,49355,399.0,{5},Activity Start
1583,49497,,,NoAction
1584,49505,,,NoAction
1585,49565,,,NoAction
1586,49574,,,NoAction
1587,49582,,,NoAction
1588,49650,,,NoAction
1589,49659,,,NoAction
1590,49748,,,NoAction
1591,49756,,,NoAction
1592,49824,,,NoAction
1593,49832,,,NoAction
1594,49893,,,NoAction
1595,49902,,,NoAction
1596,49910,,,NoAction
1597,50073,,,NoAction
1598,50123,,,NoAction
1599,50139,,,NoAction
1600,50143,,,NoAction
1601,50181,,,NoAction
1602,50211,,,NoAction
1603,50284,,,NoAction
1604,50304,,,NoAction
1605,50318,,,NoAction
1606,50325,,,NoAction
1607,50379,,,NoAction
1608,50385,,,NoAction
1609,50386,,,NoAction
1610,50405,,,NoAction
1611,50427,,,NoAction
1612,50458,,,NoAction
1613,50474,,,NoAction
1614,50475,,,NoAction
1615,50478,,,NoAction
1616,50490,401.0,{2},Activity Start
1617,50507,,,NoAction
1618,50515,,,NoAction
1619,50523,,,NoAction
1620,50544,403.0,{2},Activity End
1621,50565,,,NoAction
1622,50571,399.0,{2},Activity End
1623,50577,,,NoAction
1624,50620,,,NoAction
1625,50629,,,NoAction
1626,50671,,,NoAction
1627,50720,,,NoAction
1628,50730,,,NoAction
1629,50732,,,NoAction
1630,50743,,,NoAction
1631,50756,,,NoAction
1632,50766,,,NoAction
1633,50797,,,NoAction
1634,50806,,,NoAction
1635,50833,,,NoAction
1636,50877,,,NoAction
1637,50902,,,NoAction
1638,50978,,,NoAction
1639,51049,,,NoAction
1640,51131,,,NoAction
1641,51197,,,NoAction
1642,51237,,,NoAction
1643,51252,,,NoAction
1644,51263,,,NoAction
1645,51292,,,NoAction
1646,51302,,,NoAction
1647,51432,,,NoAction
1648,51438,,,NoAction
1649,51442,,,NoAction
1650,51555,,,NoAction
1651,51572,,,NoAction
1652,51588,,,NoAction
1653,51607,,,NoAction
1654,51635,,,NoAction
1655,51662,,,NoAction
1656,51700,,,NoAction
1657,51749,,,NoAction
1658,51836,,,NoAction
1659,51842,,,NoAction
1660,51851,,,NoAction
1661,51895,,,NoAction
1662,51933,,,NoAction
1663,51964,,,NoAction
1664,51984,,,NoAction
1665,52001,,,NoAction
1666,52051,,,NoAction
1667,52083,,,NoAction
1668,52093,,,NoAction
1669,52141,,,NoAction
1670,52152,,,NoAction
1671,52176,,,NoAction
1672,52261,,,NoAction
1673,52308,,,NoAction
1674,52310,,,NoAction
1675,52312,,,NoAction
1676,52329,,,NoAction
1677,52337,,,NoAction
1678,52385,,,NoAction
1679,52445,,,NoAction
1680,52505,,,NoAction
1681,52513,,,NoAction
1682,52527,,,NoAction
1683,52539,,,NoAction
1684,52589,,,NoAction
1685,52597,,,NoAction
1686,52626,405.0,{5},Activity Start
1687,52677,,,NoAction
1688,52692,,,NoAction
1689,52736,,,NoAction
1690,52757,,,NoAction
1691,52768,,,NoAction
1692,52771,,,NoAction
1693,52779,,,NoAction
1694,52878,,,NoAction
1695,52894,,,NoAction
1696,52902,,,NoAction
1697,53053,,,NoAction
1698,53231,,,NoAction
1699,53318,,,NoAction
1700,53320,,,NoAction
1701,53455,,,NoAction
1702,53469,,,NoAction
1703,53491,,,NoAction
1704,53507,,,NoAction
1705,53528,,,NoAction
1706,53565,,,NoAction
1707,53606,,,NoAction
1708,53621,,,NoAction
1709,53648,,,NoAction
1710,53668,,,NoAction
1711,53686,,,NoAction
1712,53702,,,NoAction
1713,53718,,,NoAction
1714,53726,,,NoAction
1715,53750,,,NoAction
1716,53809,,,NoAction
1717,53824,,,NoAction
1718,53851,,,NoAction
1719,53868,,,NoAction
1720,53959,,,NoAction
1721,53971,,,NoAction
1722,53981,,,NoAction
1723,53992,,,NoAction
1724,54005,,,NoAction
1725,54033,,,NoAction
1726,54057,,,NoAction
1727,54080,,,NoAction
1728,54181,,,NoAction
1729,54197,,,NoAction
1730,54211,,,NoAction
1731,54225,,,NoAction
1732,54241,,,NoAction
1733,54298,,,NoAction
1734,54302,,,NoAction
1735,54382,,,NoAction
1736,54401,,,NoAction
1737,54423,,,NoAction
1738,54452,,,NoAction
1739,54537,,,NoAction
1740,54663,,,NoAction
1741,54688,,,NoAction
1742,54872,,,NoAction
1743,55042,,,NoAction
1744,55052,,,NoAction
1745,55273,,,NoAction
1746,55275,,,NoAction
1747,55285,,,NoAction
1748,55403,,,NoAction
1749,55412,,,NoAction
1750,55449,,,NoAction
1751,55454,,,NoAction
1752,55456,,,NoAction
1753,55473,,,NoAction
1754,55520,401.0,{5},Activity End
1755,55585,,,NoAction
1756,55602,,,NoAction
1757,55617,,,NoAction
1758,55628,,,NoAction
1759,55634,,,NoAction
1760,55666,,,NoAction
1761,55693,,,NoAction
1762,55725,,,NoAction
1763,55756,,,NoAction
1764,55809,,,NoAction
1765,55815,,,NoAction
1766,55825,,,NoAction
1767,55867,,,NoAction
1768,55881,,,NoAction
1769,55922,,,NoAction
1770,56001,,,NoAction
1771,56012,,,NoAction
1772,56019,,,NoAction
1773,56022,,,NoAction
1774,56024,,,NoAction
1775,56056,,,NoAction
1776,56063,,,NoAction
1777,56064,,,NoAction
1778,56105,,,NoAction
1779,56113,,,NoAction
1780,56148,,,NoAction
1781,56207,,,NoAction
1782,56210,,,NoAction
1783,56228,,,NoAction
1784,56262,,,NoAction
1785,56326,,,NoAction
1786,56331,,,NoAction
1787,56332,,,NoAction
1788,56339,,,NoAction
1789,56353,,,NoAction
1790,56363,,,NoAction
1791,56365,,,NoAction
1792,56384,,,NoAction
1793,56409,399.0,{2},Activity End
1794,56433,,,NoAction
1795,56441,,,NoAction
1796,56529,,,NoAction
1797,56580,,,NoAction
1798,56601,,,NoAction
1799,56614,,,NoAction
1800,56630,,,NoAction
1801,56654,,,NoAction
1802,56678,,,NoAction
1803,56751,,,NoAction
1804,56753,,,NoAction
1805,56811,,,NoAction
1806,56815,,,NoAction
1807,56817,,,NoAction
1808,56867,,,NoAction
1809,56895,,,NoAction
1810,56923,,,NoAction
1811,56947,,,NoAction
1812,56975,,,NoAction
1813,56993,,,NoAction
1814,57019,,,NoAction
1815,57021,,,NoAction
1816,57025,,,NoAction
1817,57041,,,NoAction
1818,57078,,,NoAction
1819,57276,403.0,{5},Activity Start
1820,57309,,,NoAction
1821,57317,,,NoAction
1822,57367,,,NoAction
1823,57406,399.0,{5},Activity Start
1824,57476,,,NoAction
1825,57586,,,NoAction
1826,57597,,,NoAction
1827,57708,,,NoAction
1828,57716,,,NoAction
1829,57717,,,NoAction
1830,57726,,,NoAction
1831,57734,,,NoAction
1832,57762,403.0,{4},Activity End
1833,58027,,,NoAction
1834,58069,,,NoAction
1835,58250,,,NoAction
1836,58260,,,NoAction
1837,58434,,,NoAction
1838,58447,,,NoAction
1839,58459,,,NoAction
1840,58462,,,NoAction
1841,58478,,,NoAction
1842,58486,,,NoAction
1843,58511,,,NoAction
1844,58518,,,NoAction
1845,58529,,,NoAction
1846,58544,,,NoAction
1847,58552,,,NoAction
1848,58564,,,NoAction
1849,58568,,,NoAction
1850,58587,,,NoAction
1851,58589,,,NoAction
1852,58599,,,NoAction
1853,58605,,,NoAction
1854,58618,,,NoAction
1855,58650,,,NoAction
1856,58670,,,NoAction
1857,58674,,,NoAction
1858,58682,,,NoAction
1859,58701,,,NoAction
1860,58705,,,NoAction
1861,58707,,,NoAction
1862,58730,,,NoAction
1863,58738,,,NoAction
1864,58788,,,NoAction
1865,58821,,,NoAction
1866,58836,,,NoAction
1867,58858,,,NoAction
1868,58872,,,NoAction
1869,58885,,,NoAction
1870,58895,,,NoAction
1871,58956,,,NoAction
1872,58996,,,NoAction
1873,59076,,,NoAction
1874,59078,,,NoAction
1875,59092,,,NoAction
1876,59116,,,NoAction
1877,59118,,,NoAction
1878,59142,,,NoAction
1879,59184,,,NoAction
1880,59234,,,NoAction
1881,59255,,,NoAction
1882,59257,,,NoAction
1883,59323,,,NoAction
1884,59363,,,NoAction
1885,59378,,,NoAction
1886,59440,,,NoAction
1887,59442,,,NoAction
1888,59466,,,NoAction
1889,59478,,,NoAction
1890,59483,,,NoAction
1891,59491,,,NoAction
1892,59497,,,NoAction
1893,59527,,,NoAction
1894,59543,,,NoAction
1895,59548,,,NoAction
1896,59610,,,NoAction
1897,59651,,,NoAction
1898,59674,,,NoAction
1899,59676,,,NoAction
1900,59677,,,NoAction
1901,59691,,,NoAction
1902,59694,,,NoAction
1903,59725,,,NoAction
1904,59744,,,NoAction
1905,59789,,,NoAction
1906,59843,,,NoAction
1907,59845,,,NoAction
1908,59847,,,NoAction
1909,59858,,,NoAction
1910,59909,,,NoAction
1911,59975,,,NoAction
1912,60039,,,NoAction
1913,60055,,,NoAction
1914,60096,,,NoAction
1915,60122,,,NoAction
1916,60139,,,NoAction
1917,60141,,,NoAction
1918,60162,,,NoAction
1919,60191,,,NoAction
1920,60197,,,NoAction
1921,60205,,,NoAction
1922,60275,,,NoAction
1923,60279,,,NoAction
1924,60281,,,NoAction
1925,60287,,,NoAction
1926,60303,,,NoAction
1927,60337,,,NoAction
1928,60365,,,NoAction
1929,60434,,,NoAction
1930,60469,,,NoAction
1931,60476,,,NoAction
1932,60497,,,NoAction
1933,60538,,,NoAction
1934,60554,,,NoAction
1935,60556,,,NoAction
1936,60558,,,NoAction
1937,60577,,,NoAction
1938,60646,,,NoAction
1939,60695,,,NoAction
1940,60747,,,NoAction
1941,60754,,,NoAction
1942,60793,,,NoAction
1943,60822,,,NoAction
1944,60866,,,NoAction
1945,60867,,,NoAction
1946,60904,,,NoAction
1947,60926,,,NoAction
1948,60938,,,NoAction
1949,60955,,,NoAction
1950,60963,,,NoAction
1951,60968,,,NoAction
1952,60986,,,NoAction
1953,61017,,,NoAction
1954,61067,,,NoAction
1955,61077,,,NoAction
1956,61095,,,NoAction
1957,61115,,,NoAction
1958,61165,,,NoAction
1959,61178,,,NoAction
1960,61183,,,NoAction
1961,61197,,,NoAction
1962,61217,,,NoAction
1963,61222,,,NoAction
1964,61250,,,NoAction
1965,61270,,,NoAction
1966,61287,,,NoAction
1967,61354,,,NoAction
1968,61370,,,NoAction
1969,61384,,,NoAction
1970,61398,,,NoAction
1971,61414,,,NoAction
1972,61450,,,NoAction
1973,61452,,,NoAction
1974,61500,,,NoAction
1975,61510,,,NoAction
1976,61522,,,NoAction
1977,61540,,,NoAction
1978,61590,,,NoAction
1979,61646,,,NoAction
1980,61660,,,NoAction
1981,61672,,,NoAction
1982,61703,,,NoAction
1983,61711,,,NoAction
1984,61761,,,NoAction
1985,61763,,,NoAction
1986,61765,,,NoAction
1987,61801,,,NoAction
1988,61818,399.0,{5},Activity End
1989,62004,,,NoAction
1990,62019,,,NoAction
1991,62021,,,NoAction
1992,62031,,,NoAction
1993,62041,,,NoAction
1994,62047,,,NoAction
1995,62049,,,NoAction
1996,62057,,,NoAction
1997,62061,,,NoAction
1998,62075,404.0,{2},Activity End
1999,62086,,,NoAction
2000,62094,,,NoAction
2001,62138,,,NoAction
2002,62158,,,NoAction
2003,62168,,,NoAction
2004,62176,,,NoAction
2005,62184,,,NoAction
2006,62192,,,NoAction
2007,62242,,,NoAction
2008,62282,,,NoAction
2009,62300,,,NoAction
2010,62333,,,NoAction
2011,62370,,,NoAction
2012,62406,,,NoAction
2013,62446,,,NoAction
2014,62468,,,NoAction
2015,62475,,,NoAction
2016,62483,,,NoAction
2017,62548,,,NoAction
2018,62556,,,NoAction
2019,62572,,,NoAction
2020,62627,,,Activity Start
2021,62635,,,NoAction
2022,62679,,,NoAction
2023,62689,,,NoAction
2024,62697,,,NoAction
2025,62760,,,NoAction
2026,62764,,,NoAction
2027,62766,,,NoAction
2028,62786,,,NoAction
2029,62796,,,NoAction
2030,62805,,,NoAction
2031,62813,,,NoAction
2032,62864,,,NoAction
2033,62882,,,NoAction
2034,62901,,,NoAction
2035,62909,,,NoAction
2036,62981,,,NoAction
2037,62989,,,NoAction
2038,63034,403.0,{8},NoAction
2039,63067,,,Activity End
2040,63075,,,Activity Start
2041,63096,407.0,{8},NoAction
2042,63167,,,NoAction
2043,63175,,,Activity Start
2044,63177,,,NoAction
2045,63199,,,NoAction
2046,63207,,,NoAction
2047,63300,,,NoAction
2048,63318,,,NoAction
2049,63329,,,NoAction
2050,63411,,,NoAction
2051,63435,,,NoAction
2052,63512,,,NoAction
2053,63532,,,NoAction
2054,63561,,,NoAction
2055,63577,,,NoAction
2056,63670,,,NoAction
2057,63712,,,NoAction
2058,63767,,,NoAction
2059,63782,,,NoAction
2060,63785,,,NoAction
2061,63825,,,NoAction
2062,63873,,,NoAction
2063,63916,,,NoAction
2064,63982,,,NoAction
2065,64005,,,NoAction
2066,64037,,,NoAction
2067,64053,,,NoAction
2068,64055,,,NoAction
2069,64064,,,NoAction
2070,64074,407.0,{8},NoAction
2071,64212,,,NoAction
2072,64250,,,Activity End
2073,64258,,,NoAction
2074,64272,,,NoAction
2075,64280,,,NoAction
2076,64288,,,NoAction
2077,64296,,,NoAction
2078,64298,,,NoAction
2079,64318,,,NoAction
2080,64352,,,NoAction
2081,64372,,,NoAction
2082,64392,,,NoAction
2083,64400,,,NoAction
2084,64410,,,NoAction
2085,64418,,,NoAction
2086,64430,,,NoAction
2087,64454,,,NoAction
2088,64462,,,NoAction
2089,64470,,,NoAction
2090,64472,,,NoAction
2091,64667,,,NoAction
2092,64681,,,NoAction
2093,64683,,,NoAction
2094,64693,,,NoAction
2095,64703,,,NoAction
2096,64709,,,NoAction
2097,64711,,,NoAction
2098,64719,,,NoAction
2099,64723,,,NoAction
2100,64737,405.0,{2},NoAction
2101,64751,,,NoAction
2102,64769,,,Activity End
2103,64771,,,NoAction
2104,64799,,,NoAction
2105,64811,,,NoAction
2106,64825,,,NoAction
2107,64843,,,NoAction
2108,64851,,,NoAction
2109,64857,,,NoAction
2110,64867,,,NoAction
2111,64873,,,NoAction
2112,64875,,,NoAction
2113,64936,,,NoAction
2114,64954,404.0,{5},NoAction
2115,64980,,,NoAction
2116,65057,,,Activity Start
2117,65077,,,NoAction
2118,65088,,,NoAction
2119,65101,,,NoAction
2120,65117,,,NoAction
2121,65137,,,NoAction
2122,65153,,,NoAction
2123,65166,,,NoAction
2124,65176,,,NoAction
2125,65194,,,NoAction
2126,65226,,,NoAction
2127,65248,,,NoAction
2128,65269,,,NoAction
2129,65287,,,NoAction
2130,65300,,,NoAction
2131,65316,,,NoAction
2132,65363,,,NoAction
2133,65397,,,NoAction
2134,65405,,,NoAction
2135,65476,,,NoAction
2136,65490,,,NoAction
2137,65514,404.0,{5},NoAction
2138,65571,,,NoAction
2139,65609,,,Activity End
2140,65614,,,NoAction
2141,65616,,,NoAction
2142,65618,,,NoAction
2143,65646,,,NoAction
2144,65676,,,NoAction
2145,65704,,,NoAction
2146,65718,,,NoAction
2147,65726,,,NoAction
2148,65744,,,NoAction
2149,65780,,,NoAction
2150,65878,,,NoAction
2151,65928,,,NoAction
2152,65944,,,NoAction
2153,65974,,,NoAction
2154,65976,,,NoAction
2155,66018,,,NoAction
2156,66026,,,NoAction
2157,66035,,,NoAction
2158,66043,,,NoAction
2159,66107,,,NoAction
2160,66121,,,NoAction
2161,66129,,,NoAction
2162,66203,,,NoAction
2163,66223,,,NoAction
2164,66233,,,NoAction
2165,66243,,,NoAction
2166,66282,,,NoAction
2167,66314,,,NoAction
2168,66362,,,NoAction
2169,66372,,,NoAction
2170,66374,,,NoAction
2171,66385,,,NoAction
2172,66447,,,NoAction
2173,66455,,,NoAction
2174,66499,,,Activity Start
2175,66508,,,NoAction
2176,66516,,,NoAction
2177,67003,,,NoAction
2178,67011,,,NoAction
2179,67601,,,NoAction
2180,67611,,,NoAction
2181,67691,,,NoAction
2182,67695,,,NoAction
2183,67697,,,NoAction
2184,67747,,,NoAction
2185,67777,,,NoAction
2186,67805,,,NoAction
2187,67829,,,NoAction
2188,67857,,,NoAction
2189,67875,,,NoAction
2190,67904,,,NoAction
2191,67906,,,NoAction
2192,67910,,,NoAction
2193,67926,,,NoAction
2194,67963,,,NoAction
2195,68156,407.0,{8},NoAction
2196,68188,,,NoAction
2197,68196,,,NoAction
2198,68240,,,Activity Start
2199,68249,,,NoAction
2200,68257,,,NoAction
2201,68322,,,NoAction
2202,68326,,,NoAction
2203,68328,,,NoAction
2204,68410,,,NoAction
2205,68479,,,NoAction
2206,68512,,,NoAction
2207,68522,,,NoAction
2208,68578,,,NoAction
2209,68599,,,NoAction
2210,68618,,,NoAction
2211,68626,,,NoAction
2212,68694,,,NoAction
2213,68702,,,NoAction
2214,68715,407.0,{8},NoAction
2215,68734,407.0,{7},NoAction
2216,68772,,,NoAction
2217,68780,,,Activity End
2218,68824,,,Activity Start
2219,68833,,,NoAction
2220,68841,,,NoAction
2221,69151,,,NoAction
2222,69189,,,NoAction
2223,69197,,,NoAction
2224,69219,,,NoAction
2225,69296,,,NoAction
2226,69308,,,NoAction
2227,69312,,,NoAction
2228,69327,,,NoAction
2229,69331,,,NoAction
2230,69362,403.0,{2},NoAction
2231,69406,,,NoAction
2232,69409,,,NoAction
2233,69423,,,Activity End
2234,69424,,,NoAction
2235,69489,,,NoAction
2236,69548,,,NoAction
2237,69570,,,NoAction
2238,69590,,,NoAction
2239,69598,,,NoAction
2240,69616,,,NoAction
2241,69670,405.0,{6},NoAction
2242,69719,,,NoAction
2243,69798,,,NoAction
2244,69814,,,Activity Start
2245,69827,,,NoAction
2246,69851,,,NoAction
2247,69925,,,NoAction
2248,70066,,,NoAction
2249,70072,403.0,{3},NoAction
2250,70074,,,NoAction
2251,70138,,,NoAction
2252,70197,,,Activity Start
2253,70213,,,NoAction
2254,70258,,,NoAction
2255,70306,,,NoAction
2256,70329,,,NoAction
2257,70334,,,NoAction
2258,70346,,,NoAction
2259,70347,,,NoAction
2260,70696,,,NoAction
2261,70742,,,NoAction
2262,70803,,,NoAction
2263,70822,,,NoAction
2264,70843,,,NoAction
2265,70847,,,NoAction
2266,70873,,,NoAction
2267,70879,,,NoAction
2268,70884,,,NoAction
2269,70895,,,NoAction
2270,70897,,,NoAction
2271,70911,,,NoAction
2272,70982,,,NoAction
2273,70996,,,NoAction
2274,71000,,,NoAction
2275,71017,,,NoAction
2276,71093,,,NoAction
2277,71116,,,NoAction
2278,71149,,,NoAction
2279,71178,,,NoAction
2280,71202,,,NoAction
2281,71298,,,NoAction
2282,71355,,,NoAction
2283,71359,,,NoAction
2284,71362,,,NoAction
2285,71374,,,NoAction
2286,71418,,,NoAction
2287,71442,,,NoAction
2288,71453,,,NoAction
2289,71482,,,NoAction
2290,71483,,,NoAction
2291,71565,,,NoAction
2292,71580,,,NoAction
2293,71582,,,NoAction
2294,71590,,,NoAction
2295,71592,,,NoAction
2296,71603,,,NoAction
2297,71605,,,NoAction
2298,71616,,,NoAction
2299,71670,,,NoAction
2300,71672,,,NoAction
2301,71715,,,NoAction
2302,71727,,,NoAction
2303,71777,,,NoAction
2304,71805,,,NoAction
2305,71983,408.0,{9},NoAction
2306,72000,,,NoAction
2307,72059,,,NoAction
2308,72098,,,Activity Start
2309,72135,,,NoAction
2310,72149,,,NoAction
2311,72150,,,NoAction
2312,72229,,,NoAction
2313,72278,,,NoAction
2314,72307,,,NoAction
2315,72322,,,NoAction
2316,72472,,,NoAction
2317,72504,,,NoAction
2318,72521,,,NoAction
2319,72530,,,NoAction
2320,72565,,,NoAction
2321,72567,,,NoAction
2322,72577,,,NoAction
2323,72585,,,NoAction
2324,72596,,,NoAction
2325,72635,,,NoAction
2326,72650,,,NoAction
2327,72756,404.0,{5},NoAction
2328,72841,,,NoAction
2329,72887,,,NoAction
2330,72966,,,Activity Start
2331,72982,,,NoAction
2332,72985,,,NoAction
2333,72996,,,NoAction
2334,72999,,,NoAction
2335,73022,,,NoAction
2336,73041,,,NoAction
2337,73105,,,NoAction
2338,73127,,,NoAction
2339,73131,,,NoAction
2340,73174,,,NoAction
2341,73216,,,NoAction
2342,73230,,,NoAction
2343,73242,,,NoAction
2344,73338,,,NoAction
2345,73376,,,NoAction
2346,73416,,,NoAction
2347,73462,,,NoAction
2348,73514,,,NoAction
2349,73527,,,NoAction
2350,73577,,,NoAction
2351,73583,,,NoAction
2352,73623,,,NoAction
2353,73664,,,NoAction
2354,73757,,,NoAction
2355,73777,,,NoAction
2356,73783,,,NoAction
2357,73820,,,NoAction
2358,73826,,,NoAction
2359,73832,,,NoAction
2360,73837,,,NoAction
2361,73885,,,NoAction
2362,73887,405.0,{9},NoAction
2363,73905,403.0,{5},NoAction
2364,73940,,,NoAction
2365,73993,,,Activity End
2366,74000,,,Activity End
2367,74013,,,NoAction
2368,74047,,,NoAction
2369,74069,,,NoAction
2370,74071,,,NoAction
2371,74115,,,NoAction
2372,74126,,,NoAction
2373,74131,,,NoAction
2374,74148,,,NoAction
2375,74162,,,NoAction
2376,74230,,,NoAction
2377,74237,,,NoAction
2378,74242,,,NoAction
2379,74262,,,NoAction
2380,74299,,,NoAction
2381,74335,,,NoAction
2382,74550,,,NoAction
2383,74629,,,NoAction
2384,74642,,,NoAction
2385,74669,,,NoAction
2386,74685,,,NoAction
2387,74695,,,NoAction
2388,74710,,,NoAction
2389,74713,,,NoAction
2390,74733,,,NoAction
2391,74767,,,NoAction
2392,74789,,,NoAction
2393,74809,,,NoAction
2394,74817,,,NoAction
2395,74827,,,NoAction
2396,74835,,,NoAction
2397,74848,,,NoAction
2398,74872,,,NoAction
2399,74880,,,NoAction
2400,74888,,,NoAction
2401,74890,,,NoAction
2402,74897,408.0,{9},NoAction
2403,75222,,,NoAction
2404,75236,,,NoAction
2405,75238,,,Activity End
2406,75248,,,NoAction
2407,75258,,,NoAction
2408,75264,,,NoAction
2409,75266,,,NoAction
2410,75270,,,NoAction
2411,75279,,,NoAction
2412,75292,,,NoAction
2413,75293,,,NoAction
2414,75296,,,NoAction
2415,75318,,,NoAction
2416,75319,,,NoAction
2417,75340,,,NoAction
2418,75348,,,NoAction
2419,75350,,,NoAction
2420,75359,,,NoAction
2421,75361,,,NoAction
2422,75369,,,NoAction
2423,75373,,,NoAction
2424,75390,,,NoAction
2425,75413,,,NoAction
2426,75428,,,NoAction
2427,75564,,,NoAction
2428,75617,,,NoAction
2429,75660,,,NoAction
2430,75687,,,NoAction
2431,75688,,,NoAction
2432,75705,,,NoAction
2433,75713,,,NoAction
2434,75722,,,NoAction
2435,75730,,,NoAction
2436,75740,,,NoAction
2437,75748,,,NoAction
2438,75766,,,NoAction
2439,75837,,,NoAction
2440,75866,,,NoAction
2441,75926,,,NoAction
2442,75942,,,NoAction
2443,75964,,,NoAction
2444,75978,,,NoAction
2445,76026,,,NoAction
2446,76043,,,NoAction
2447,76095,,,NoAction
2448,76122,,,NoAction
2449,76170,,,NoAction
2450,76194,,,NoAction
2451,76250,,,NoAction
2452,76276,,,NoAction
2453,76292,,,NoAction
2454,76309,,,NoAction
2455,76319,,,NoAction
2456,76323,,,NoAction
2457,76331,,,NoAction
2458,76339,,,NoAction
2459,76489,,,NoAction
2460,76504,,,NoAction
2461,76505,,,NoAction
2462,76507,,,NoAction
2463,76517,,,NoAction
2464,76521,,,NoAction
2465,76610,,,NoAction
2466,76622,,,NoAction
2467,76662,,,NoAction
2468,76684,,,NoAction
2469,76714,,,NoAction
2470,76743,,,NoAction
2471,76763,,,NoAction
2472,76792,,,NoAction
2473,76820,,,NoAction
2474,76849,,,NoAction
2475,76861,,,NoAction
2476,76878,,,NoAction
2477,76917,,,NoAction
2478,76921,,,NoAction
2479,76928,,,NoAction
2480,76930,,,NoAction
2481,76940,,,NoAction
2482,76941,,,NoAction
2483,76972,,,NoAction
2484,76976,,,NoAction
2485,77043,,,NoAction
2486,77053,,,NoAction
2487,77113,,,NoAction
2488,77165,,,NoAction
2489,77171,,,NoAction
2490,77194,,,NoAction
2491,77257,,,NoAction
2492,77279,,,NoAction
2493,77287,,,NoAction
2494,77316,,,NoAction
2495,77332,,,NoAction
2496,77387,,,NoAction
2497,77421,,,NoAction
2498,77476,,,NoAction
2499,77478,,,NoAction
2500,77517,,,NoAction
2501,77529,,,NoAction
2502,77543,,,NoAction
2503,77561,,,NoAction
2504,77573,,,NoAction
2505,77579,,,NoAction
2506,77589,,,NoAction
2507,77595,,,NoAction
2508,77597,,,NoAction
2509,77654,,,NoAction
2510,77682,,,NoAction
2511,77750,,,NoAction
2512,77758,,,NoAction
2513,77778,,,NoAction
2514,77798,,,NoAction
2515,77814,,,NoAction
2516,77826,,,NoAction
2517,77834,,,NoAction
2518,77844,,,NoAction
2519,77860,,,NoAction
2520,77872,,,NoAction
2521,77916,,,NoAction
2522,77964,,,NoAction
2523,77988,,,NoAction
2524,77996,,,NoAction
2525,78089,,,NoAction
2526,78125,,,NoAction
2527,78131,,,NoAction
2528,78133,,,NoAction
2529,78135,,,NoAction
2530,78163,,,NoAction
2531,78193,,,NoAction
2532,78221,,,NoAction
2533,78235,,,NoAction
2534,78243,,,NoAction
2535,78261,,,NoAction
2536,78298,,,NoAction
2537,78398,,,NoAction
2538,78424,,,NoAction
2539,78477,,,NoAction
2540,78495,,,NoAction
2541,78527,,,NoAction
2542,78529,,,NoAction
2543,78535,,,NoAction
2544,78577,,,NoAction
2545,78585,,,NoAction
2546,78594,,,NoAction
2547,78602,,,NoAction
2548,78665,,,NoAction
2549,78678,,,NoAction
2550,78688,,,NoAction
2551,78759,,,NoAction
2552,78779,,,NoAction
2553,78789,,,NoAction
2554,78801,,,NoAction
2555,78836,,,NoAction
2556,78868,,,NoAction
2557,78916,,,NoAction
2558,78926,,,NoAction
2559,78928,,,NoAction
2560,78939,,,NoAction
2561,78988,403.0,{7},NoAction
2562,79021,,,NoAction
2563,79029,,,NoAction
2564,79084,,,Activity Start
2565,79233,,,NoAction
2566,79253,,,NoAction
2567,79602,,,NoAction
2568,79612,,,NoAction
2569,79752,,,NoAction
2570,79761,,,NoAction
2571,79931,,,NoAction
2572,79951,,,NoAction
2573,79953,,,NoAction
2574,79983,,,NoAction
2575,79997,,,NoAction
2576,80005,,,NoAction
2577,80033,,,NoAction
2578,80041,,,NoAction
2579,80055,,,NoAction
2580,80089,,,NoAction
2581,80103,,,NoAction
2582,80105,,,NoAction
2583,80107,,,NoAction
2584,80122,,,NoAction
2585,80130,,,NoAction
2586,80176,,,NoAction
2587,80232,,,NoAction
2588,80295,,,NoAction
2589,80303,,,NoAction
2590,80317,,,NoAction
2591,80329,,,NoAction
2592,80379,,,NoAction
2593,80387,,,NoAction
2594,80445,,,NoAction
2595,80459,,,NoAction
2596,80495,,,NoAction
2597,80502,,,NoAction
2598,80510,,,NoAction
2599,80519,,,NoAction
2600,80537,,,NoAction
2601,80545,,,NoAction
2602,80549,,,NoAction
2603,80589,,,NoAction
2604,80600,,,NoAction
2605,80604,,,NoAction
2606,80640,,,NoAction
2607,80666,,,NoAction
2608,80678,,,NoAction
2609,80684,,,NoAction
2610,80702,,,NoAction
2611,80712,,,NoAction
2612,80715,,,NoAction
2613,80731,,,NoAction
2614,80736,,,NoAction
2615,80754,,,NoAction
2616,80769,404.0,{7},NoAction
2617,80771,,,NoAction
2618,80783,,,NoAction
2619,80810,,,Activity End
2620,80824,,,NoAction
2621,80829,,,NoAction
2622,80914,,,NoAction
2623,80919,,,NoAction
2624,80931,,,NoAction
2625,80985,,,NoAction
2626,80989,,,NoAction
2627,81041,,,NoAction
2628,81084,,,NoAction
2629,81111,,,NoAction
2630,81147,,,NoAction
2631,81149,,,NoAction
2632,81175,,,NoAction
2633,81178,,,NoAction
2634,81205,,,NoAction
2635,81209,,,NoAction
2636,81225,,,NoAction
2637,81228,,,NoAction
2638,81230,,,NoAction
2639,81251,,,NoAction
2640,81254,,,NoAction
2641,81295,,,NoAction
2642,81321,,,NoAction
2643,81347,,,NoAction
2644,81363,,,NoAction
2645,81395,,,NoAction
2646,81441,,,NoAction
2647,81485,,,NoAction
2648,81497,,,NoAction
2649,81521,,,NoAction
2650,81528,,,NoAction
2651,81541,,,NoAction
2652,81565,,,NoAction
2653,81579,,,NoAction
2654,81603,,,NoAction
2655,81633,,,NoAction
2656,81636,,,NoAction
2657,81662,,,NoAction
2658,81673,,,NoAction
2659,81698,,,NoAction
2660,81725,,,NoAction
2661,81739,,,NoAction
2662,81776,,,NoAction
2663,81777,,,NoAction
2664,81856,,,NoAction
2665,81858,,,NoAction
2666,81882,,,NoAction
2667,81886,,,NoAction
2668,81920,,,NoAction
2669,81944,,,NoAction
2670,81976,,,NoAction
2671,82001,,,NoAction
2672,82030,,,NoAction
2673,82046,,,NoAction
2674,82059,,,NoAction
2675,82062,,,NoAction
2676,82071,,,NoAction
2677,82078,,,NoAction
2678,82093,,,NoAction
2679,82105,,,NoAction
2680,82108,,,NoAction
2681,82134,,,NoAction
2682,82155,,,NoAction
2683,82173,,,NoAction
2684,82257,,,NoAction
2685,82278,,,NoAction
2686,82342,,,NoAction
2687,82385,,,NoAction
2688,82388,,,NoAction
2689,82407,,,NoAction
2690,82436,,,NoAction
2691,82458,,,NoAction
2692,82476,,,NoAction
2693,82488,,,NoAction
2694,82492,,,NoAction
2695,82524,,,NoAction
2696,82532,,,NoAction
2697,82584,,,NoAction
2698,82629,,,NoAction
2699,82641,,,NoAction
2700,82649,,,NoAction
2701,82673,,,NoAction
2702,82697,,,NoAction
2703,82711,,,NoAction
2704,82739,,,NoAction
2705,82802,,,NoAction
2706,82812,,,NoAction
2707,82840,,,NoAction
2708,82894,,,NoAction
2709,82909,,,NoAction
2710,82924,,,NoAction
2711,82929,,,NoAction
2712,82938,,,NoAction
2713,82947,,,NoAction
2714,82967,,,NoAction
2715,83019,,,NoAction
2716,83029,,,NoAction
2717,83037,,,NoAction
2718,83132,,,NoAction
2719,83138,,,NoAction
2720,83141,,,NoAction
2721,83212,,,NoAction
2722,83264,403.0,{7},NoAction
2723,83333,408.0,{9},NoAction
2724,83369,,,NoAction
2725,83377,,,Activity End
2726,83426,,,Activity Start
2727,83435,,,NoAction
2728,83443,,,NoAction
2729,83508,,,NoAction
2730,83512,,,NoAction
2731,83514,,,NoAction
2732,83536,,,NoAction
2733,83546,,,NoAction
2734,83558,,,NoAction
2735,83567,,,NoAction
2736,83613,,,NoAction
2737,83631,,,NoAction
2738,83650,,,NoAction
2739,83658,,,NoAction
2740,83731,,,NoAction
2741,83739,,,NoAction
2742,83750,408.0,{9},NoAction
2743,83931,404.0,{7},NoAction
2744,83965,,,NoAction
2745,83973,,,Activity End
2746,84020,,,Activity Start
2747,84029,,,NoAction
2748,84037,,,NoAction
2749,84106,,,NoAction
2750,84114,,,NoAction
2751,84201,,,NoAction
2752,84209,,,NoAction
2753,84279,,,NoAction
2754,84287,,,NoAction
2755,84348,,,NoAction
2756,84359,,,NoAction
2757,84367,,,NoAction
2758,84373,,,NoAction
2759,84393,,,NoAction
2760,84395,,,NoAction
2761,84414,,,NoAction
2762,84463,,,NoAction
2763,84477,,,NoAction
2764,84481,,,NoAction
2765,84503,,,NoAction
2766,84510,,,NoAction
2767,84578,,,NoAction
2768,84591,,,NoAction
2769,84619,,,NoAction
2770,84676,,,Activity End
2771,84699,,,NoAction
2772,84712,,,NoAction
2773,84740,,,NoAction
2774,84784,,,NoAction
2775,84798,,,NoAction
2776,84807,,,NoAction
2777,84824,,,NoAction
2778,84842,,,NoAction
2779,84853,,,NoAction
2780,84858,,,NoAction
2781,84955,,,NoAction
2782,84998,,,NoAction
2783,85036,,,NoAction
2784,85038,,,NoAction
2785,85059,,,NoAction
2786,85070,,,NoAction
2787,85103,,,NoAction
2788,85140,,,NoAction
2789,85178,,,NoAction
2790,85218,,,NoAction
2791,85240,,,NoAction
2792,85249,,,NoAction
2793,85258,,,NoAction
2794,85311,,,NoAction
2795,85346,,,NoAction
2796,85413,,,NoAction
2797,85452,,,NoAction
2798,85464,,,NoAction
2799,85465,,,NoAction
2800,85467,,,NoAction
2801,85493,404.0,{7},NoAction
2802,85532,,,NoAction
2803,85560,,,NoAction
2804,85588,,,NoAction
2805,85614,,,Activity End
2806,85642,,,NoAction
2807,85660,,,NoAction
2808,85686,,,NoAction
2809,85688,,,NoAction
2810,85692,,,NoAction
2811,85708,,,NoAction
2812,85757,,,NoAction
2813,86099,,,NoAction
2814,86113,,,NoAction
2815,86115,,,NoAction
2816,86125,,,NoAction
2817,86135,,,NoAction
2818,86141,,,NoAction
2819,86143,,,NoAction
2820,86151,,,NoAction
2821,86155,,,NoAction
2822,86169,,,NoAction
2823,86180,,,NoAction
2824,86188,,,NoAction
2825,86233,,,NoAction
2826,86253,,,NoAction
2827,86263,,,NoAction
2828,86271,,,NoAction
2829,86281,,,NoAction
2830,86289,,,NoAction
2831,86338,,,NoAction
2832,86378,,,NoAction
2833,86396,,,NoAction
2834,86428,,,NoAction
2835,86465,,,NoAction
2836,86501,,,NoAction
2837,86541,,,NoAction
2838,86563,,,NoAction
2839,86570,,,NoAction
2840,86578,,,NoAction
2841,86646,,,NoAction
2842,86654,,,NoAction
2843,86667,,,NoAction
2844,86735,,,NoAction
2845,86743,,,NoAction
2846,86787,,,NoAction
2847,86796,,,NoAction
2848,86804,,,Activity Start
2849,86873,,,NoAction
2850,86881,,,NoAction
2851,86935,408.0,{9},NoAction
2852,86969,,,NoAction
2853,86977,,,NoAction
2854,87022,,,NoAction
2855,87031,,,NoAction
2856,87039,,,Activity End
2857,87562,,,Activity Start
2858,87571,,,NoAction
2859,88170,,,NoAction
2860,88182,,,NoAction
2861,88261,,,NoAction
2862,88265,,,NoAction
2863,88267,,,NoAction
2864,88318,,,NoAction
2865,88346,,,NoAction
2866,88375,,,NoAction
2867,88399,,,NoAction
2868,88427,,,NoAction
2869,88445,,,NoAction
2870,88483,,,NoAction
2871,88488,,,NoAction
2872,88492,,,NoAction
2873,88508,,,NoAction
2874,88544,,,NoAction
2875,88736,404.0,{7},NoAction
2876,88769,,,NoAction
2877,88777,,,NoAction
2878,88824,,,NoAction
2879,88833,,,NoAction
2880,88841,,,NoAction
2881,89042,,,Activity Start
2882,89052,,,NoAction
2883,89187,,,NoAction
2884,89197,,,NoAction
2885,89365,,,NoAction
2886,89385,,,NoAction
2887,89387,,,NoAction
2888,89417,,,NoAction
2889,89431,,,NoAction
2890,89439,,,NoAction
2891,89467,,,NoAction
2892,89475,,,NoAction
2893,89489,,,NoAction
2894,89524,,,NoAction
2895,89538,,,NoAction
2896,89540,,,NoAction
2897,89542,,,NoAction
2898,89560,,,NoAction
2899,89568,,,NoAction
2900,89612,,,NoAction
2901,89671,,,NoAction
2902,89731,,,NoAction
2903,89739,,,NoAction
2904,89753,,,NoAction
2905,89765,,,NoAction
2906,89816,,,NoAction
2907,89824,,,NoAction
2908,89882,,,NoAction
2909,89896,,,NoAction
2910,89932,,,NoAction
2911,89940,,,NoAction
2912,89948,,,NoAction
2913,90077,,,NoAction
2914,90188,,,NoAction
2915,90237,,,NoAction
2916,90246,,,NoAction
2917,90374,,,NoAction
2918,90409,,,NoAction
2919,90444,,,NoAction
2920,90455,,,NoAction
2921,90465,,,NoAction
2922,90499,,,NoAction
2923,90521,,,NoAction
2924,90535,,,NoAction
2925,90547,,,NoAction
2926,90559,,,NoAction
2927,90567,,,NoAction
2928,90577,,,NoAction
2929,90587,,,NoAction
2930,90596,,,NoAction
2931,90616,,,NoAction
2932,90648,,,NoAction
2933,90656,,,NoAction
2934,90670,,,NoAction
2935,90678,,,NoAction
2936,90704,,,NoAction
2937,90714,,,NoAction
2938,90726,,,NoAction
2939,90752,,,NoAction
2940,90772,,,NoAction
2941,90788,,,NoAction
2942,90852,,,NoAction
2943,90868,,,NoAction
2944,90882,,,NoAction
2945,90896,,,NoAction
2946,90912,,,NoAction
2947,90948,,,NoAction
2948,90951,,,NoAction
2949,90999,,,NoAction
2950,91009,,,NoAction
2951,91021,,,NoAction
2952,91039,,,NoAction
2953,91089,,,NoAction
2954,91145,,,NoAction
2955,91160,,,NoAction
2956,91172,,,NoAction
2957,91203,,,NoAction
2958,91211,,,NoAction
2959,91260,,,NoAction
2960,91262,,,NoAction
2961,91264,,,NoAction
2962,91300,,,NoAction
2963,91313,404.0,{7},NoAction
2964,91324,,,NoAction
2965,91338,,,NoAction
2966,91340,,,NoAction
2967,91350,,,NoAction
2968,91360,,,NoAction
2969,91366,,,Activity End
2970,91368,,,NoAction
2971,91376,,,NoAction
2972,91380,,,NoAction
2973,91394,407.0,{9},NoAction
2974,91405,,,NoAction
2975,91413,,,NoAction
2976,91458,,,NoAction
2977,91478,,,NoAction
2978,91488,,,NoAction
2979,91496,,,Activity End
2980,91504,,,NoAction
2981,91514,,,NoAction
2982,91563,,,NoAction
2983,91603,,,NoAction
2984,91621,,,NoAction
2985,91653,,,NoAction
2986,91690,,,NoAction
2987,91726,,,NoAction
2988,91766,,,NoAction
2989,91788,,,NoAction
2990,91795,,,NoAction
2991,91803,,,NoAction
2992,91882,,,NoAction
2993,91886,,,NoAction
2994,91888,,,NoAction
2995,91941,,,NoAction
2996,91969,,,NoAction
2997,91997,,,NoAction
2998,92021,,,NoAction
2999,92049,,,NoAction
3000,92067,,,NoAction
3001,92093,,,NoAction
3002,92095,,,NoAction
3003,92099,,,NoAction
3004,92115,,,NoAction
3005,92152,,,NoAction
3006,92378,,,NoAction
3007,92386,,,NoAction
3008,92431,,,NoAction
3009,92440,,,NoAction
3010,92448,,,NoAction
3011,92596,,,NoAction
3012,92612,,,Activity Start
3013,92680,,,NoAction
3014,92696,,,NoAction
3015,92729,,,NoAction
3016,92753,,,NoAction
3017,93086,,,NoAction
3018,93100,,,NoAction
3019,93102,,,NoAction
3020,93112,,,NoAction
3021,93123,,,NoAction
3022,93129,,,NoAction
3023,93131,,,NoAction
3024,93139,,,NoAction
3025,93143,,,NoAction
3026,93157,,,NoAction
3027,93168,,,NoAction
3028,93176,,,NoAction
3029,93221,,,NoAction
3030,93241,,,NoAction
3031,93251,,,NoAction
3032,93259,,,NoAction
3033,93271,,,NoAction
3034,93279,,,NoAction
3035,93327,,,NoAction
3036,93368,,,NoAction
3037,93386,,,NoAction
3038,93418,,,NoAction
3039,93455,,,NoAction
3040,93491,,,NoAction
3041,93531,,,NoAction
3042,93553,,,NoAction
3043,93560,,,NoAction
3044,93568,,,NoAction
3045,93781,,,NoAction
3046,93785,,,NoAction
3047,93787,,,NoAction
3048,93844,,,NoAction
3049,93874,,,NoAction
3050,93902,,,NoAction
3051,93929,,,NoAction
3052,93961,,,NoAction
3053,93979,,,NoAction
3054,94009,,,NoAction
3055,94011,,,NoAction
3056,94015,,,NoAction
3057,94033,,,NoAction
3058,94069,,,NoAction
3059,94249,,,NoAction
3060,94264,,,NoAction
3061,94266,,,NoAction
3062,94276,,,NoAction
3063,94286,,,NoAction
3064,94292,,,NoAction
3065,94294,,,NoAction
3066,94302,,,NoAction
3067,94306,,,NoAction
3068,94320,,,NoAction
3069,94334,,,NoAction
3070,94352,,,NoAction
3071,94354,,,NoAction
3072,94382,,,NoAction
3073,94394,,,NoAction
3074,94408,,,NoAction
3075,94426,,,NoAction
3076,94434,,,NoAction
3077,94440,,,NoAction
3078,94451,,,NoAction
3079,94457,,,NoAction
3080,94460,,,NoAction
3081,94515,,,NoAction
3082,94543,,,NoAction
3083,94613,,,NoAction
3084,94621,,,NoAction
3085,94641,,,NoAction
3086,94662,,,NoAction
3087,94678,,,NoAction
3088,94690,,,NoAction
3089,94698,,,NoAction
3090,94708,,,NoAction
3091,94724,,,NoAction
3092,94736,,,NoAction
3093,94780,,,NoAction
3094,94827,,,NoAction
3095,94851,,,NoAction
3096,94859,,,NoAction
3097,94952,,,NoAction
3098,94988,,,NoAction
3099,94992,,,NoAction
3100,94994,,,NoAction
3101,94996,,,NoAction
3102,95024,,,NoAction
3103,95054,,,NoAction
3104,95083,,,NoAction
3105,95097,,,NoAction
3106,95105,,,NoAction
3107,95123,,,NoAction
3108,95160,,,NoAction
3109,95260,,,NoAction
3110,95286,,,NoAction
3111,95338,,,NoAction
3112,95356,,,NoAction
3113,95388,,,NoAction
3114,95390,,,NoAction
3115,95396,,,NoAction
3116,95439,,,NoAction
3117,95447,,,NoAction
3118,95456,,,NoAction
3119,95464,,,NoAction
3120,95527,,,NoAction
3121,95540,,,NoAction
3122,95548,,,NoAction
3123,95760,,,NoAction
3124,95783,,,NoAction
3125,95793,,,NoAction
3126,95811,,,NoAction
3127,95847,,,NoAction
3128,95880,,,NoAction
3129,95931,,,NoAction
3130,95941,,,NoAction
3131,95943,,,NoAction
3132,95954,,,NoAction
3133,95967,,,NoAction
3134,95981,,,NoAction
3135,95983,,,NoAction
3136,95993,,,NoAction
3137,96003,,,NoAction
3138,96010,,,NoAction
3139,96012,,,NoAction
3140,96022,,,NoAction
3141,96026,,,NoAction
3142,96051,,,NoAction
3143,96059,,,NoAction
3144,96102,,,NoAction
3145,96123,,,NoAction
3146,96133,,,NoAction
3147,96141,,,NoAction
3148,96149,,,NoAction
3149,96157,,,Activity End
3150,96207,,,NoAction
3151,96247,,,NoAction
3152,96265,,,NoAction
3153,96297,,,NoAction
3154,96335,,,NoAction
3155,96371,,,NoAction
3156,96411,,,NoAction
3157,96434,,,NoAction
3158,96441,,,NoAction
3159,96449,,,NoAction
3160,96521,,,NoAction
3161,96529,,,NoAction
3162,96540,,,NoAction
3163,96567,407.0,{8},NoAction
3164,96599,,,NoAction
3165,96607,,,NoAction
3166,96651,,,NoAction
3167,96660,,,NoAction
3168,96668,,,NoAction
3169,96736,,,NoAction
3170,96744,,,NoAction
3171,96757,407.0,{8},Activity Start
3172,96856,,,NoAction
3173,96864,,,NoAction
3174,96913,,,NoAction
3175,96922,,,NoAction
3176,96930,,,NoAction
3177,96997,,,NoAction
3178,97005,,,NoAction
3179,97105,407.0,{9},Activity End
3180,97126,,,Activity Start
3181,97136,,,NoAction
3182,97178,,,NoAction
3183,97188,,,NoAction
3184,97276,,,NoAction
3185,97284,,,NoAction
3186,97297,,,NoAction
3187,97316,,,NoAction
3188,97332,,,Activity Start
3189,97384,,,NoAction
3190,97410,,,NoAction
3191,97419,,,NoAction
3192,97579,,,NoAction
3193,97614,,,NoAction
3194,97759,,,NoAction
3195,97766,,,NoAction
3196,97809,,,NoAction
3197,97844,,,NoAction
3198,97875,,,NoAction
3199,97883,,,NoAction
3200,97898,,,NoAction
3201,97932,,,NoAction
3202,97966,,,NoAction
3203,98011,,,NoAction
3204,98163,,,NoAction
3205,98205,,,NoAction
3206,98236,,,NoAction
3207,98311,,,NoAction
3208,98338,,,NoAction
3209,98365,,,NoAction
3210,98389,,,NoAction
3211,98582,,,NoAction
3212,98598,,,NoAction
3213,98600,,,NoAction
3214,98610,,,NoAction
3215,98620,,,NoAction
3216,98626,,,NoAction
3217,98628,,,NoAction
3218,98636,,,NoAction
3219,98640,,,NoAction
3220,98654,408.0,{2},Activity End
3221,98668,,,NoAction
3222,98686,,,NoAction
3223,98688,,,NoAction
3224,98716,,,NoAction
3225,98728,,,NoAction
3226,98742,,,NoAction
3227,98761,,,NoAction
3228,98769,,,NoAction
3229,98775,,,NoAction
3230,98785,,,Activity End
3231,98791,,,NoAction
3232,98793,,,NoAction
3233,98847,,,NoAction
3234,98876,,,NoAction
3235,98945,,,NoAction
3236,98953,,,NoAction
3237,98973,,,NoAction
3238,98993,,,NoAction
3239,99009,,,NoAction
3240,99021,,,NoAction
3241,99029,,,NoAction
3242,99039,,,NoAction
3243,99055,,,NoAction
3244,99067,,,NoAction
3245,99111,,,NoAction
3246,99157,,,NoAction
3247,99181,,,NoAction
3248,99189,,,NoAction
3249,99281,,,NoAction
3250,99317,,,NoAction
3251,99321,,,NoAction
3252,99323,,,NoAction
3253,99325,,,NoAction
3254,99353,,,NoAction
3255,99383,,,NoAction
3256,99411,,,NoAction
3257,99425,,,NoAction
3258,99433,,,NoAction
3259,99451,,,NoAction
3260,99488,,,NoAction
3261,99588,,,NoAction
3262,99614,,,NoAction
3263,99640,,,NoAction
3264,99693,,,NoAction
3265,99713,,,NoAction
3266,99745,,,NoAction
3267,99747,,,NoAction
3268,99754,,,NoAction
3269,99762,,,NoAction
3270,99804,,,NoAction
3271,99812,,,NoAction
3272,99821,,,NoAction
3273,99829,,,NoAction
3274,99862,408.0,{9},NoAction
3275,99937,,,NoAction
3276,99946,,,NoAction
3277,99952,,,NoAction
3278,99984,,,NoAction
3279,99992,,,NoAction
3280,100092,,,NoAction
3281,100097,,,NoAction
3282,100123,,,NoAction
3283,100129,,,NoAction
3284,100134,,,Activity Start
3285,100148,,,NoAction
3286,100161,,,NoAction
3287,100200,,,NoAction
3288,100257,,,NoAction
3289,100309,,,NoAction
3290,100327,,,NoAction
3291,100344,,,NoAction
3292,100355,,,NoAction
3293,100357,,,NoAction
3294,100376,,,NoAction
3295,100384,408.0,{9},NoAction
3296,100423,407.0,{9},NoAction
3297,100456,,,NoAction
3298,100464,,,NoAction
3299,100508,,,NoAction
3300,100517,,,NoAction
3301,100525,,,NoAction
3302,100593,,,NoAction
3303,100601,,,NoAction
3304,100692,,,NoAction
3305,100700,,,Activity End
3306,100801,,,Activity Start
3307,100809,,,NoAction
3308,100842,,,NoAction
3309,100850,,,NoAction
3310,100940,,,NoAction
3311,100942,,,NoAction
3312,100957,,,NoAction
3313,100962,,,NoAction
3314,100970,,,NoAction
3315,100976,,,NoAction
3316,101210,408.0,{9},Activity Start
3317,101283,,,NoAction
3318,101400,,,NoAction
3319,101408,,,NoAction
3320,101415,,,NoAction
3321,101448,,,NoAction
3322,101456,,,NoAction
3323,101508,,,NoAction
3324,101523,,,NoAction
3325,101528,,,NoAction
3326,101566,,,NoAction
3327,101702,,,Activity Start
3328,101707,,,NoAction
3329,101734,,,NoAction
3330,101744,,,NoAction
3331,101764,,,NoAction
3332,101787,,,NoAction
3333,101914,,,NoAction
3334,101973,,,NoAction
3335,102014,,,NoAction
3336,102028,,,NoAction
3337,102052,,,NoAction
3338,102113,,,NoAction
3339,102147,407.0,{9},NoAction
3340,102200,,,NoAction
3341,102234,,,NoAction
3342,102389,,,NoAction
3343,102408,,,NoAction
3344,102429,,,NoAction
3345,102466,,,NoAction
3346,102470,,,NoAction
3347,102500,,,NoAction
3348,102517,,,NoAction
3349,102539,,,NoAction
3350,102561,,,Activity End
3351,102580,,,NoAction
3352,102631,,,NoAction
3353,102653,,,NoAction
3354,102678,,,NoAction
3355,102742,,,NoAction
3356,102827,,,NoAction
3357,102829,,,NoAction
3358,102831,,,NoAction
3359,102846,,,NoAction
3360,102854,,,NoAction
3361,102902,,,NoAction
3362,102959,,,NoAction
3363,103021,,,NoAction
3364,103029,,,NoAction
3365,103043,,,NoAction
3366,103055,,,NoAction
3367,103105,,,NoAction
3368,103113,,,NoAction
3369,103171,,,NoAction
3370,103185,,,NoAction
3371,103221,,,NoAction
3372,103228,,,NoAction
3373,103236,,,NoAction
3374,103362,,,NoAction
3375,103456,,,NoAction
3376,103500,,,NoAction
3377,103502,,,NoAction
3378,103578,,,NoAction
3379,103586,,,NoAction
3380,103600,,,NoAction
3381,103608,,,NoAction
3382,103616,,,NoAction
3383,103646,,,NoAction
3384,103666,,,NoAction
3385,103680,,,NoAction
3386,103692,,,NoAction
3387,103704,,,NoAction
3388,103712,,,NoAction
3389,103722,,,NoAction
3390,103732,,,NoAction
3391,103740,,,NoAction
3392,103754,,,NoAction
3393,103786,,,NoAction
3394,103794,,,NoAction
3395,103808,,,NoAction
3396,103816,,,NoAction
3397,103842,,,NoAction
3398,103852,,,NoAction
3399,103864,,,NoAction
3400,103890,,,NoAction
3401,103910,,,NoAction
3402,103926,,,NoAction
3403,103990,,,NoAction
3404,104007,,,NoAction
3405,104021,,,NoAction
3406,104035,,,NoAction
3407,104051,,,NoAction
3408,104087,,,NoAction
3409,104089,,,NoAction
3410,104137,,,NoAction
3411,104147,,,NoAction
3412,104159,,,NoAction
3413,104177,,,NoAction
3414,104227,,,NoAction
3415,104283,,,NoAction
3416,104297,,,NoAction
3417,104309,,,NoAction
3418,104341,,,NoAction
3419,104349,,,NoAction
3420,104398,,,NoAction
3421,104400,,,NoAction
3422,104402,,,NoAction
3423,104438,,,NoAction
3424,104625,,,NoAction
3425,104639,,,NoAction
3426,104641,,,NoAction
3427,104651,,,NoAction
3428,104661,,,NoAction
3429,104667,,,NoAction
3430,104669,,,NoAction
3431,104677,,,NoAction
3432,104681,,,NoAction
3433,104695,407.0,{2},NoAction
3434,104709,,,NoAction
3435,104727,,,Activity End
3436,104729,,,NoAction
3437,104757,,,NoAction
3438,104769,,,NoAction
3439,104783,,,NoAction
3440,104801,,,NoAction
3441,104809,,,NoAction
3442,104816,,,NoAction
3443,104826,,,NoAction
3444,104832,,,NoAction
3445,104834,,,Activity End
3446,104890,,,NoAction
3447,104918,,,NoAction
3448,104988,,,NoAction
3449,104996,,,NoAction
3450,105016,,,NoAction
3451,105036,,,NoAction
3452,105052,,,NoAction
3453,105064,,,NoAction
3454,105072,,,NoAction
3455,105082,,,NoAction
3456,105098,,,NoAction
3457,105110,,,NoAction
3458,105154,,,NoAction
3459,105200,,,NoAction
3460,105224,,,NoAction
3461,105232,,,NoAction
3462,105324,,,NoAction
3463,105360,,,NoAction
3464,105364,,,NoAction
3465,105366,,,NoAction
3466,105368,,,NoAction
3467,105396,,,NoAction
3468,105426,,,NoAction
3469,105454,,,NoAction
3470,105468,,,NoAction
3471,105477,,,NoAction
3472,105495,,,NoAction
3473,105532,,,NoAction
3474,105634,,,NoAction
3475,105660,,,NoAction
3476,105712,,,NoAction
3477,105730,,,NoAction
3478,105762,,,NoAction
3479,105764,,,NoAction
3480,105770,,,NoAction
3481,105812,,,NoAction
3482,105820,,,NoAction
3483,105829,,,NoAction
3484,105837,,,NoAction
3485,105904,,,NoAction
3486,105917,,,NoAction
3487,105925,408.0,{9},NoAction
3488,105998,,,NoAction
3489,106018,,,NoAction
3490,106028,,,NoAction
3491,106038,,,NoAction
3492,106074,,,NoAction
3493,106106,,,NoAction
3494,106154,,,NoAction
3495,106164,,,NoAction
3496,106166,,,NoAction
3497,106177,,,NoAction
3498,106266,407.0,{9},NoAction
3499,106300,,,Activity End
3500,106308,,,NoAction
3501,106354,,,NoAction
3502,106363,,,NoAction
3503,106371,,,NoAction
3504,106575,,,NoAction
3505,106585,,,NoAction
3506,106721,,,NoAction
3507,106731,,,NoAction
3508,106904,,,NoAction
3509,106924,,,NoAction
3510,106926,,,Activity Start
3511,106956,,,NoAction
3512,106970,,,NoAction
3513,106978,,,NoAction
3514,107006,,,NoAction
3515,107014,,,NoAction
3516,107028,,,NoAction
3517,107062,,,NoAction
3518,107076,,,NoAction
3519,107078,,,NoAction
3520,107080,,,NoAction
3521,107095,,,NoAction
3522,107103,,,NoAction
3523,107146,,,NoAction
3524,107202,,,NoAction
3525,107264,,,NoAction
3526,107272,,,NoAction
3527,107286,,,NoAction
3528,107298,,,NoAction
3529,107349,,,NoAction
3530,107357,,,NoAction
3531,107415,,,NoAction
3532,107429,,,NoAction
3533,107465,,,NoAction
3534,107472,,,NoAction
3535,107480,,,NoAction
3536,107606,,,NoAction
3537,107700,,,NoAction
3538,107744,,,NoAction
3539,107746,,,NoAction
3540,107822,,,NoAction
3541,107830,,,NoAction
3542,107845,,,NoAction
3543,107853,,,NoAction
3544,107861,,,NoAction
3545,107891,,,NoAction
3546,107911,,,NoAction
3547,107925,,,NoAction
3548,107937,,,NoAction
3549,107949,,,NoAction
3550,107957,,,NoAction
3551,107967,,,NoAction
3552,107977,,,NoAction
3553,107985,,,NoAction
3554,107999,,,NoAction
3555,108031,,,NoAction
3556,108039,,,NoAction
3557,108053,,,NoAction
3558,108061,,,NoAction
3559,108087,,,NoAction
3560,108098,,,NoAction
3561,108110,,,NoAction
3562,108136,,,NoAction
3563,108156,,,NoAction
3564,108172,,,NoAction
3565,108236,,,NoAction
3566,108252,,,NoAction
3567,108266,,,NoAction
3568,108280,,,NoAction
3569,108296,,,NoAction
3570,108332,,,NoAction
3571,108334,,,NoAction
3572,108382,,,NoAction
3573,108392,,,NoAction
3574,108404,,,NoAction
3575,108422,,,NoAction
3576,108472,,,NoAction
3577,108529,,,NoAction
3578,108543,,,NoAction
3579,108555,,,NoAction
3580,108586,,,NoAction
3581,108594,,,NoAction
3582,108644,,,NoAction
3583,108646,,,NoAction
3584,108648,,,NoAction
3585,108685,,,NoAction
3586,108703,407.0,{9},NoAction
3587,108727,408.0,{9},NoAction
3588,108760,,,NoAction
3589,108768,,,NoAction
3590,108811,,,NoAction
3591,108820,,,NoAction
3592,108828,,,NoAction
3593,108896,,,NoAction
3594,108904,,,NoAction
3595,108991,,,NoAction
3596,108999,,,NoAction
3597,109068,,,NoAction
3598,109076,,,Activity End
3599,109136,,,Activity Start
3600,109145,,,NoAction
3601,109153,,,NoAction
3602,109313,,,NoAction
3603,109363,,,NoAction
3604,109381,,,NoAction
3605,109385,,,NoAction
3606,109423,,,NoAction
3607,109453,,,NoAction
3608,109525,,,NoAction
3609,109545,,,NoAction
3610,109559,,,NoAction
3611,109610,,,NoAction
3612,109636,,,NoAction
3613,109662,,,NoAction
3614,109685,,,NoAction
3615,109696,408.0,{9},NoAction
3616,109758,408.0,{9},NoAction
3617,109790,,,NoAction
3618,109798,,,NoAction
3619,109842,,,NoAction
3620,109851,,,NoAction
3621,109859,,,NoAction
3622,110062,,,NoAction
3623,110072,,,NoAction
3624,110211,,,NoAction
3625,110221,,,NoAction
3626,110390,,,NoAction
3627,110411,,,Activity End
3628,110413,,,Activity Start
3629,110443,,,NoAction
3630,110458,,,NoAction
3631,110466,,,NoAction
3632,110494,,,NoAction
3633,110502,,,NoAction
3634,110516,,,NoAction
3635,110550,,,NoAction
3636,110564,,,NoAction
3637,110566,,,NoAction
3638,110568,,,NoAction
3639,110583,,,NoAction
3640,110591,,,NoAction
3641,110635,,,NoAction
3642,110694,,,NoAction
3643,110754,,,NoAction
3644,110762,,,NoAction
3645,110776,,,NoAction
3646,110788,,,NoAction
3647,110838,,,NoAction
3648,110846,,,NoAction
3649,110904,,,NoAction
3650,110918,,,NoAction
3651,110954,,,NoAction
3652,110961,,,NoAction
3653,110969,,,NoAction
3654,111098,,,NoAction
3655,111192,,,NoAction
3656,111236,,,NoAction
3657,111238,,,NoAction
3658,111314,,,NoAction
3659,111322,,,NoAction
3660,111336,,,NoAction
3661,111344,,,NoAction
3662,111352,,,NoAction
3663,111382,,,NoAction
3664,111402,,,NoAction
3665,111416,,,NoAction
3666,111428,,,NoAction
3667,111440,,,NoAction
3668,111448,,,NoAction
3669,111458,,,NoAction
3670,111468,,,NoAction
3671,111476,,,NoAction
3672,111490,,,NoAction
3673,111522,,,NoAction
3674,111530,,,NoAction
3675,111544,,,NoAction
3676,111552,,,NoAction
3677,111578,,,NoAction
3678,111588,,,NoAction
3679,111600,,,NoAction
3680,111626,,,NoAction
3681,111646,,,NoAction
3682,111662,,,NoAction
3683,111726,,,NoAction
3684,111742,,,NoAction
3685,111756,,,NoAction
3686,111770,,,NoAction
3687,111786,,,NoAction
3688,111822,,,NoAction
3689,111824,,,NoAction
3690,111873,,,NoAction
3691,111883,,,NoAction
3692,111895,,,NoAction
3693,111913,,,NoAction
3694,111963,,,NoAction
3695,112019,,,NoAction
3696,112033,,,NoAction
3697,112045,,,NoAction
3698,112076,,,NoAction
3699,112084,,,NoAction
3700,112133,,,NoAction
3701,112135,,,NoAction
3702,112137,,,NoAction
3703,112175,,,NoAction
3704,112188,408.0,{9},NoAction
